ris_elements,users,error_scale,temporal_rho,target,baseline,metric,independent_seed_blocks,analysis_seed,bootstrap_draws,weak_user_index,config_sha256,effective_config_sha256,mean,ci_low,ci_high,one_sided_upper95,one_sided_lower05,zero_reference_blocks
16,2,0.12,0.7,posterior_triggered,periodic_risk,weak_user_outage_delta,10,20261031,10000,0,903fc0a2bbb79f083251d0b905a6dcd1f43dd4986e3a2b4dab40214233f35e2b,60f9fc84b04fbe22a02a54353f370581e106cb80cf20a4762c482d873c2b4530,0.0,0.0,0.0,0.0,0.0,0
16,2,0.12,0.7,posterior_triggered,periodic_risk,goodput_relative_delta,10,20261031,10000,0,903fc0a2bbb79f083251d0b905a6dcd1f43dd4986e3a2b4dab40214233f35e2b,60f9fc84b04fbe22a02a54353f370581e106cb80cf20a4762c482d873c2b4530,0.0,0.0,0.0,0.0,0.0,0
16,2,0.12,0.7,posterior_triggered,periodic_risk,rate_evaluations_reduction,10,20261031,10000,0,903fc0a2bbb79f083251d0b905a6dcd1f43dd4986e3a2b4dab40214233f35e2b,60f9fc84b04fbe22a02a54353f370581e106cb80cf20a4762c482d873c2b4530,0.48828125,0.48828125,0.48828125,0.48828125,0.48828125,0
16,2,0.12,0.7,posterior_triggered,periodic_risk,total_latency_p95_delta,10,20261031,10000,0,903fc0a2bbb79f083251d0b905a6dcd1f43dd4986e3a2b4dab40214233f35e2b,60f9fc84b04fbe22a02a54353f370581e106cb80cf20a4762c482d873c2b4530,36.25698867490428,23.827779480820936,60.725580969288785,60.51882034974369,23.88156975718266,0
16,2,0.12,0.7,posterior_triggered,always_risk,weak_user_outage_delta,10,20261031,10000,0,903fc0a2bbb79f083251d0b905a6dcd1f43dd4986e3a2b4dab40214233f35e2b,60f9fc84b04fbe22a02a54353f370581e106cb80cf20a4762c482d873c2b4530,0.0,0.0,0.0,0.0,0.0,0
16,2,0.12,0.7,posterior_triggered,always_risk,goodput_relative_delta,10,20261031,10000,0,903fc0a2bbb79f083251d0b905a6dcd1f43dd4986e3a2b4dab40214233f35e2b,60f9fc84b04fbe22a02a54353f370581e106cb80cf20a4762c482d873c2b4530,0.0,0.0,0.0,0.0,0.0,0
16,2,0.12,0.7,posterior_triggered,always_risk,rate_evaluations_reduction,10,20261031,10000,0,903fc0a2bbb79f083251d0b905a6dcd1f43dd4986e3a2b4dab40214233f35e2b,60f9fc84b04fbe22a02a54353f370581e106cb80cf20a4762c482d873c2b4530,0.744140625,0.744140625,0.744140625,0.744140625,0.744140625,0
16,2,0.12,0.7,posterior_triggered,always_risk,total_latency_p95_delta,10,20261031,10000,0,903fc0a2bbb79f083251d0b905a6dcd1f43dd4986e3a2b4dab40214233f35e2b,60f9fc84b04fbe22a02a54353f370581e106cb80cf20a4762c482d873c2b4530,36.99744737466972,24.374622106134666,61.89016049192469,61.710806729617616,24.43044866143282,0
16,2,0.12,0.7,posterior_triggered,periodic_nominal,weak_user_outage_delta,10,20261031,10000,0,903fc0a2bbb79f083251d0b905a6dcd1f43dd4986e3a2b4dab40214233f35e2b,60f9fc84b04fbe22a02a54353f370581e106cb80cf20a4762c482d873c2b4530,0.0,0.0,0.0,0.0,0.0,0
16,2,0.12,0.7,posterior_triggered,periodic_nominal,goodput_relative_delta,10,20261031,10000,0,903fc0a2bbb79f083251d0b905a6dcd1f43dd4986e3a2b4dab40214233f35e2b,60f9fc84b04fbe22a02a54353f370581e106cb80cf20a4762c482d873c2b4530,0.0,0.0,0.0,0.0,0.0,0
16,2,0.12,0.7,posterior_triggered,periodic_nominal,rate_evaluations_reduction,10,20261031,10000,0,903fc0a2bbb79f083251d0b905a6dcd1f43dd4986e3a2b4dab40214233f35e2b,60f9fc84b04fbe22a02a54353f370581e106cb80cf20a4762c482d873c2b4530,0.48828125,0.48828125,0.48828125,0.48828125,0.48828125,0
16,2,0.12,0.7,posterior_triggered,periodic_nominal,total_latency_p95_delta,10,20261031,10000,0,903fc0a2bbb79f083251d0b905a6dcd1f43dd4986e3a2b4dab40214233f35e2b,60f9fc84b04fbe22a02a54353f370581e106cb80cf20a4762c482d873c2b4530,-117.01315936483297,-129.92970136201984,-92.70937131150276,-93.3568093642516,-129.630581450323,0
16,2,0.12,0.98,posterior_triggered,periodic_risk,weak_user_outage_delta,10,20261031,10000,0,903fc0a2bbb79f083251d0b905a6dcd1f43dd4986e3a2b4dab40214233f35e2b,60f9fc84b04fbe22a02a54353f370581e106cb80cf20a4762c482d873c2b4530,0.0,0.0,0.0,0.0,0.0,0
16,2,0.12,0.98,posterior_triggered,periodic_risk,goodput_relative_delta,10,20261031,10000,0,903fc0a2bbb79f083251d0b905a6dcd1f43dd4986e3a2b4dab40214233f35e2b,60f9fc84b04fbe22a02a54353f370581e106cb80cf20a4762c482d873c2b4530,0.0,0.0,0.0,0.0,0.0,0
16,2,0.12,0.98,posterior_triggered,periodic_risk,rate_evaluations_reduction,10,20261031,10000,0,903fc0a2bbb79f083251d0b905a6dcd1f43dd4986e3a2b4dab40214233f35e2b,60f9fc84b04fbe22a02a54353f370581e106cb80cf20a4762c482d873c2b4530,0.48828125,0.48828125,0.48828125,0.48828125,0.48828125,0
16,2,0.12,0.98,posterior_triggered,periodic_risk,total_latency_p95_delta,10,20261031,10000,0,903fc0a2bbb79f083251d0b905a6dcd1f43dd4986e3a2b4dab40214233f35e2b,60f9fc84b04fbe22a02a54353f370581e106cb80cf20a4762c482d873c2b4530,23.89168161600537,23.69472423761181,24.116835750424798,24.079559167656043,23.719814915544703,0
16,2,0.12,0.98,posterior_triggered,always_risk,weak_user_outage_delta,10,20261031,10000,0,903fc0a2bbb79f083251d0b905a6dcd1f43dd4986e3a2b4dab40214233f35e2b,60f9fc84b04fbe22a02a54353f370581e106cb80cf20a4762c482d873c2b4530,0.0,0.0,0.0,0.0,0.0,0
16,2,0.12,0.98,posterior_triggered,always_risk,goodput_relative_delta,10,20261031,10000,0,903fc0a2bbb79f083251d0b905a6dcd1f43dd4986e3a2b4dab40214233f35e2b,60f9fc84b04fbe22a02a54353f370581e106cb80cf20a4762c482d873c2b4530,0.0,0.0,0.0,0.0,0.0,0
16,2,0.12,0.98,posterior_triggered,always_risk,rate_evaluations_reduction,10,20261031,10000,0,903fc0a2bbb79f083251d0b905a6dcd1f43dd4986e3a2b4dab40214233f35e2b,60f9fc84b04fbe22a02a54353f370581e106cb80cf20a4762c482d873c2b4530,0.744140625,0.744140625,0.744140625,0.744140625,0.744140625,0
16,2,0.12,0.98,posterior_triggered,always_risk,total_latency_p95_delta,10,20261031,10000,0,903fc0a2bbb79f083251d0b905a6dcd1f43dd4986e3a2b4dab40214233f35e2b,60f9fc84b04fbe22a02a54353f370581e106cb80cf20a4762c482d873c2b4530,24.298086141061503,24.090341382221595,24.506471936978414,24.471838233526796,24.121038280434732,0
16,2,0.12,0.98,posterior_triggered,periodic_nominal,weak_user_outage_delta,10,20261031,10000,0,903fc0a2bbb79f083251d0b905a6dcd1f43dd4986e3a2b4dab40214233f35e2b,60f9fc84b04fbe22a02a54353f370581e106cb80cf20a4762c482d873c2b4530,0.0,0.0,0.0,0.0,0.0,0
16,2,0.12,0.98,posterior_triggered,periodic_nominal,goodput_relative_delta,10,20261031,10000,0,903fc0a2bbb79f083251d0b905a6dcd1f43dd4986e3a2b4dab40214233f35e2b,60f9fc84b04fbe22a02a54353f370581e106cb80cf20a4762c482d873c2b4530,0.0,0.0,0.0,0.0,0.0,0
16,2,0.12,0.98,posterior_triggered,periodic_nominal,rate_evaluations_reduction,10,20261031,10000,0,903fc0a2bbb79f083251d0b905a6dcd1f43dd4986e3a2b4dab40214233f35e2b,60f9fc84b04fbe22a02a54353f370581e106cb80cf20a4762c482d873c2b4530,0.48828125,0.48828125,0.48828125,0.48828125,0.48828125,0
16,2,0.12,0.98,posterior_triggered,periodic_nominal,total_latency_p95_delta,10,20261031,10000,0,903fc0a2bbb79f083251d0b905a6dcd1f43dd4986e3a2b4dab40214233f35e2b,60f9fc84b04fbe22a02a54353f370581e106cb80cf20a4762c482d873c2b4530,-128.32974950302741,-128.72981056396293,-127.97837636003806,-128.02294506523504,-128.65945873681085,0
16,2,0.28,0.7,posterior_triggered,periodic_risk,weak_user_outage_delta,10,20261031,10000,0,903fc0a2bbb79f083251d0b905a6dcd1f43dd4986e3a2b4dab40214233f35e2b,60f9fc84b04fbe22a02a54353f370581e106cb80cf20a4762c482d873c2b4530,0.0,0.0,0.0,0.0,0.0,0
16,2,0.28,0.7,posterior_triggered,periodic_risk,goodput_relative_delta,10,20261031,10000,0,903fc0a2bbb79f083251d0b905a6dcd1f43dd4986e3a2b4dab40214233f35e2b,60f9fc84b04fbe22a02a54353f370581e106cb80cf20a4762c482d873c2b4530,-0.0015625,-0.0046875,0.0,0.0,-0.0046875,0
16,2,0.28,0.7,posterior_triggered,periodic_risk,rate_evaluations_reduction,10,20261031,10000,0,903fc0a2bbb79f083251d0b905a6dcd1f43dd4986e3a2b4dab40214233f35e2b,60f9fc84b04fbe22a02a54353f370581e106cb80cf20a4762c482d873c2b4530,0.45703125,0.43203125,0.48203125,0.47578125,0.43203125,0
16,2,0.28,0.7,posterior_triggered,periodic_risk,total_latency_p95_delta,10,20261031,10000,0,903fc0a2bbb79f083251d0b905a6dcd1f43dd4986e3a2b4dab40214233f35e2b,60f9fc84b04fbe22a02a54353f370581e106cb80cf20a4762c482d873c2b4530,23.844514174561482,23.59767069868394,24.059726590690843,24.026326427136155,23.639280870063885,0
16,2,0.28,0.7,posterior_triggered,always_risk,weak_user_outage_delta,10,20261031,10000,0,903fc0a2bbb79f083251d0b905a6dcd1f43dd4986e3a2b4dab40214233f35e2b,60f9fc84b04fbe22a02a54353f370581e106cb80cf20a4762c482d873c2b4530,0.0,0.0,0.0,0.0,0.0,0
16,2,0.28,0.7,posterior_triggered,always_risk,goodput_relative_delta,10,20261031,10000,0,903fc0a2bbb79f083251d0b905a6dcd1f43dd4986e3a2b4dab40214233f35e2b,60f9fc84b04fbe22a02a54353f370581e106cb80cf20a4762c482d873c2b4530,-0.0015625,-0.0046875,0.0,0.0,-0.0046875,0
16,2,0.28,0.7,posterior_triggered,always_risk,rate_evaluations_reduction,10,20261031,10000,0,903fc0a2bbb79f083251d0b905a6dcd1f43dd4986e3a2b4dab40214233f35e2b,60f9fc84b04fbe22a02a54353f370581e106cb80cf20a4762c482d873c2b4530,0.728515625,0.716015625,0.741015625,0.737890625,0.716015625,0
16,2,0.28,0.7,posterior_triggered,always_risk,total_latency_p95_delta,10,20261031,10000,0,903fc0a2bbb79f083251d0b905a6dcd1f43dd4986e3a2b4dab40214233f35e2b,60f9fc84b04fbe22a02a54353f370581e106cb80cf20a4762c482d873c2b4530,24.04876188495109,23.76976073471633,24.277504049074196,24.247438328511635,23.817811923963745,0
16,2,0.28,0.7,posterior_triggered,periodic_nominal,weak_user_outage_delta,10,20261031,10000,0,903fc0a2bbb79f083251d0b905a6dcd1f43dd4986e3a2b4dab40214233f35e2b,60f9fc84b04fbe22a02a54353f370581e106cb80cf20a4762c482d873c2b4530,-0.003125,-0.009375,0.0,0.0,-0.009375,0
16,2,0.28,0.7,posterior_triggered,periodic_nominal,goodput_relative_delta,10,20261031,10000,0,903fc0a2bbb79f083251d0b905a6dcd1f43dd4986e3a2b4dab40214233f35e2b,60f9fc84b04fbe22a02a54353f370581e106cb80cf20a4762c482d873c2b4530,2.4801587301581664e-05,-0.0046875,0.004761904761904745,0.003199404761904745,-0.003125,0
16,2,0.28,0.7,posterior_triggered,periodic_nominal,rate_evaluations_reduction,10,20261031,10000,0,903fc0a2bbb79f083251d0b905a6dcd1f43dd4986e3a2b4dab40214233f35e2b,60f9fc84b04fbe22a02a54353f370581e106cb80cf20a4762c482d873c2b4530,0.45703125,0.43203125,0.48203125,0.47578125,0.43203125,0
16,2,0.28,0.7,posterior_triggered,periodic_nominal,total_latency_p95_delta,10,20261031,10000,0,903fc0a2bbb79f083251d0b905a6dcd1f43dd4986e3a2b4dab40214233f35e2b,60f9fc84b04fbe22a02a54353f370581e106cb80cf20a4762c482d873c2b4530,-128.80906288002734,-129.13790283869912,-128.48757699037378,-128.54007138619636,-129.0851978732735,0
16,2,0.28,0.98,posterior_triggered,periodic_risk,weak_user_outage_delta,10,20261031,10000,1,903fc0a2bbb79f083251d0b905a6dcd1f43dd4986e3a2b4dab40214233f35e2b,60f9fc84b04fbe22a02a54353f370581e106cb80cf20a4762c482d873c2b4530,0.0,0.0,0.0,0.0,0.0,0
16,2,0.28,0.98,posterior_triggered,periodic_risk,goodput_relative_delta,10,20261031,10000,1,903fc0a2bbb79f083251d0b905a6dcd1f43dd4986e3a2b4dab40214233f35e2b,60f9fc84b04fbe22a02a54353f370581e106cb80cf20a4762c482d873c2b4530,0.0,0.0,0.0,0.0,0.0,0
16,2,0.28,0.98,posterior_triggered,periodic_risk,rate_evaluations_reduction,10,20261031,10000,1,903fc0a2bbb79f083251d0b905a6dcd1f43dd4986e3a2b4dab40214233f35e2b,60f9fc84b04fbe22a02a54353f370581e106cb80cf20a4762c482d873c2b4530,0.43828125,0.40078125,0.46953125,0.46328125,0.40703125,0
16,2,0.28,0.98,posterior_triggered,periodic_risk,total_latency_p95_delta,10,20261031,10000,1,903fc0a2bbb79f083251d0b905a6dcd1f43dd4986e3a2b4dab40214233f35e2b,60f9fc84b04fbe22a02a54353f370581e106cb80cf20a4762c482d873c2b4530,23.392160838666314,22.828623005240843,23.760668974006876,23.730746928233202,22.904268660751768,0
16,2,0.28,0.98,posterior_triggered,always_risk,weak_user_outage_delta,10,20261031,10000,1,903fc0a2bbb79f083251d0b905a6dcd1f43dd4986e3a2b4dab40214233f35e2b,60f9fc84b04fbe22a02a54353f370581e106cb80cf20a4762c482d873c2b4530,0.0,0.0,0.0,0.0,0.0,0
16,2,0.28,0.98,posterior_triggered,always_risk,goodput_relative_delta,10,20261031,10000,1,903fc0a2bbb79f083251d0b905a6dcd1f43dd4986e3a2b4dab40214233f35e2b,60f9fc84b04fbe22a02a54353f370581e106cb80cf20a4762c482d873c2b4530,0.0,0.0,0.0,0.0,0.0,0
16,2,0.28,0.98,posterior_triggered,always_risk,rate_evaluations_reduction,10,20261031,10000,1,903fc0a2bbb79f083251d0b905a6dcd1f43dd4986e3a2b4dab40214233f35e2b,60f9fc84b04fbe22a02a54353f370581e106cb80cf20a4762c482d873c2b4530,0.719140625,0.7034375,0.734765625,0.731640625,0.703515625,0
16,2,0.28,0.98,posterior_triggered,always_risk,total_latency_p95_delta,10,20261031,10000,1,903fc0a2bbb79f083251d0b905a6dcd1f43dd4986e3a2b4dab40214233f35e2b,60f9fc84b04fbe22a02a54353f370581e106cb80cf20a4762c482d873c2b4530,24.08551982476638,23.920797937259522,24.230499154577956,24.211489340486878,23.950077363424498,0
16,2,0.28,0.98,posterior_triggered,periodic_nominal,weak_user_outage_delta,10,20261031,10000,1,903fc0a2bbb79f083251d0b905a6dcd1f43dd4986e3a2b4dab40214233f35e2b,60f9fc84b04fbe22a02a54353f370581e106cb80cf20a4762c482d873c2b4530,0.0,0.0,0.0,0.0,0.0,0
16,2,0.28,0.98,posterior_triggered,periodic_nominal,goodput_relative_delta,10,20261031,10000,1,903fc0a2bbb79f083251d0b905a6dcd1f43dd4986e3a2b4dab40214233f35e2b,60f9fc84b04fbe22a02a54353f370581e106cb80cf20a4762c482d873c2b4530,0.0,0.0,0.0,0.0,0.0,0
16,2,0.28,0.98,posterior_triggered,periodic_nominal,rate_evaluations_reduction,10,20261031,10000,1,903fc0a2bbb79f083251d0b905a6dcd1f43dd4986e3a2b4dab40214233f35e2b,60f9fc84b04fbe22a02a54353f370581e106cb80cf20a4762c482d873c2b4530,0.43828125,0.40703125,0.46953125,0.46328125,0.40703125,0
16,2,0.28,0.98,posterior_triggered,periodic_nominal,total_latency_p95_delta,10,20261031,10000,1,903fc0a2bbb79f083251d0b905a6dcd1f43dd4986e3a2b4dab40214233f35e2b,60f9fc84b04fbe22a02a54353f370581e106cb80cf20a4762c482d873c2b4530,-129.07498975644558,-129.49524991076214,-128.70877175605256,-128.76993609728925,-129.41666863756836,0
16,4,0.12,0.7,posterior_triggered,periodic_risk,weak_user_outage_delta,10,20261031,10000,2,903fc0a2bbb79f083251d0b905a6dcd1f43dd4986e3a2b4dab40214233f35e2b,60f9fc84b04fbe22a02a54353f370581e106cb80cf20a4762c482d873c2b4530,0.0,0.0,0.0,0.0,0.0,0
16,4,0.12,0.7,posterior_triggered,periodic_risk,goodput_relative_delta,10,20261031,10000,2,903fc0a2bbb79f083251d0b905a6dcd1f43dd4986e3a2b4dab40214233f35e2b,60f9fc84b04fbe22a02a54353f370581e106cb80cf20a4762c482d873c2b4530,0.0,0.0,0.0,0.0,0.0,0
16,4,0.12,0.7,posterior_triggered,periodic_risk,rate_evaluations_reduction,10,20261031,10000,2,903fc0a2bbb79f083251d0b905a6dcd1f43dd4986e3a2b4dab40214233f35e2b,60f9fc84b04fbe22a02a54353f370581e106cb80cf20a4762c482d873c2b4530,0.48203125,0.46953125,0.48828125,0.48828125,0.46953125,0
16,4,0.12,0.7,posterior_triggered,periodic_risk,total_latency_p95_delta,10,20261031,10000,2,903fc0a2bbb79f083251d0b905a6dcd1f43dd4986e3a2b4dab40214233f35e2b,60f9fc84b04fbe22a02a54353f370581e106cb80cf20a4762c482d873c2b4530,55.099887649557786,54.03032006633475,56.22041045944388,56.03632235421901,54.1912121078185,0
16,4,0.12,0.7,posterior_triggered,always_risk,weak_user_outage_delta,10,20261031,10000,2,903fc0a2bbb79f083251d0b905a6dcd1f43dd4986e3a2b4dab40214233f35e2b,60f9fc84b04fbe22a02a54353f370581e106cb80cf20a4762c482d873c2b4530,-0.003125,-0.009375,0.0,0.0,-0.009375,0
16,4,0.12,0.7,posterior_triggered,always_risk,goodput_relative_delta,10,20261031,10000,2,903fc0a2bbb79f083251d0b905a6dcd1f43dd4986e3a2b4dab40214233f35e2b,60f9fc84b04fbe22a02a54353f370581e106cb80cf20a4762c482d873c2b4530,0.0007874015748031482,0.0,0.0023622047244094444,0.0023622047244094444,0.0,0
16,4,0.12,0.7,posterior_triggered,always_risk,rate_evaluations_reduction,10,20261031,10000,2,903fc0a2bbb79f083251d0b905a6dcd1f43dd4986e3a2b4dab40214233f35e2b,60f9fc84b04fbe22a02a54353f370581e106cb80cf20a4762c482d873c2b4530,0.741015625,0.734765625,0.744140625,0.744140625,0.734765625,0
16,4,0.12,0.7,posterior_triggered,always_risk,total_latency_p95_delta,10,20261031,10000,2,903fc0a2bbb79f083251d0b905a6dcd1f43dd4986e3a2b4dab40214233f35e2b,60f9fc84b04fbe22a02a54353f370581e106cb80cf20a4762c482d873c2b4530,55.59034664911451,54.53449282541078,56.66716886033191,56.50149603835598,54.703348398232265,0
16,4,0.12,0.7,posterior_triggered,periodic_nominal,weak_user_outage_delta,10,20261031,10000,2,903fc0a2bbb79f083251d0b905a6dcd1f43dd4986e3a2b4dab40214233f35e2b,60f9fc84b04fbe22a02a54353f370581e106cb80cf20a4762c482d873c2b4530,0.0,0.0,0.0,0.0,0.0,0
16,4,0.12,0.7,posterior_triggered,periodic_nominal,goodput_relative_delta,10,20261031,10000,2,903fc0a2bbb79f083251d0b905a6dcd1f43dd4986e3a2b4dab40214233f35e2b,60f9fc84b04fbe22a02a54353f370581e106cb80cf20a4762c482d873c2b4530,0.0,0.0,0.0,0.0,0.0,0
16,4,0.12,0.7,posterior_triggered,periodic_nominal,rate_evaluations_reduction,10,20261031,10000,2,903fc0a2bbb79f083251d0b905a6dcd1f43dd4986e3a2b4dab40214233f35e2b,60f9fc84b04fbe22a02a54353f370581e106cb80cf20a4762c482d873c2b4530,0.48203125,0.46953125,0.48828125,0.48828125,0.46953125,0
16,4,0.12,0.7,posterior_triggered,periodic_nominal,total_latency_p95_delta,10,20261031,10000,2,903fc0a2bbb79f083251d0b905a6dcd1f43dd4986e3a2b4dab40214233f35e2b,60f9fc84b04fbe22a02a54353f370581e106cb80cf20a4762c482d873c2b4530,-97.8867435111897,-98.9971057711773,-96.73796292761836,-96.9087288263836,-98.83181224715372,0
16,4,0.12,0.98,posterior_triggered,periodic_risk,weak_user_outage_delta,10,20261031,10000,3,903fc0a2bbb79f083251d0b905a6dcd1f43dd4986e3a2b4dab40214233f35e2b,60f9fc84b04fbe22a02a54353f370581e106cb80cf20a4762c482d873c2b4530,0.0,0.0,0.0,0.0,0.0,0
16,4,0.12,0.98,posterior_triggered,periodic_risk,goodput_relative_delta,10,20261031,10000,3,903fc0a2bbb79f083251d0b905a6dcd1f43dd4986e3a2b4dab40214233f35e2b,60f9fc84b04fbe22a02a54353f370581e106cb80cf20a4762c482d873c2b4530,0.0,0.0,0.0,0.0,0.0,0
16,4,0.12,0.98,posterior_triggered,periodic_risk,rate_evaluations_reduction,10,20261031,10000,3,903fc0a2bbb79f083251d0b905a6dcd1f43dd4986e3a2b4dab40214233f35e2b,60f9fc84b04fbe22a02a54353f370581e106cb80cf20a4762c482d873c2b4530,0.450732421875,0.42568359375,0.47578125,0.46953125,0.43183349609375,0
16,4,0.12,0.98,posterior_triggered,periodic_risk,total_latency_p95_delta,10,20261031,10000,3,903fc0a2bbb79f083251d0b905a6dcd1f43dd4986e3a2b4dab40214233f35e2b,60f9fc84b04fbe22a02a54353f370581e106cb80cf20a4762c482d873c2b4530,54.42083175974403,53.21557839869092,55.62577350218908,55.42576285686482,53.40981783294774,0
16,4,0.12,0.98,posterior_triggered,always_risk,weak_user_outage_delta,10,20261031,10000,3,903fc0a2bbb79f083251d0b905a6dcd1f43dd4986e3a2b4dab40214233f35e2b,60f9fc84b04fbe22a02a54353f370581e106cb80cf20a4762c482d873c2b4530,0.0,0.0,0.0,0.0,0.0,0
16,4,0.12,0.98,posterior_triggered,always_risk,goodput_relative_delta,10,20261031,10000,3,903fc0a2bbb79f083251d0b905a6dcd1f43dd4986e3a2b4dab40214233f35e2b,60f9fc84b04fbe22a02a54353f370581e106cb80cf20a4762c482d873c2b4530,0.0,0.0,0.0,0.0,0.0,0
16,4,0.12,0.98,posterior_triggered,always_risk,rate_evaluations_reduction,10,20261031,10000,3,903fc0a2bbb79f083251d0b905a6dcd1f43dd4986e3a2b4dab40214233f35e2b,60f9fc84b04fbe22a02a54353f370581e106cb80cf20a4762c482d873c2b4530,0.7253662109375,0.712841796875,0.737890625,0.734765625,0.712890625,0
16,4,0.12,0.98,posterior_triggered,always_risk,total_latency_p95_delta,10,20261031,10000,3,903fc0a2bbb79f083251d0b905a6dcd1f43dd4986e3a2b4dab40214233f35e2b,60f9fc84b04fbe22a02a54353f370581e106cb80cf20a4762c482d873c2b4530,54.60771862522961,53.19066239048152,55.846584972170604,55.66337533322621,53.44931672576604,0
16,4,0.12,0.98,posterior_triggered,periodic_nominal,weak_user_outage_delta,10,20261031,10000,3,903fc0a2bbb79f083251d0b905a6dcd1f43dd4986e3a2b4dab40214233f35e2b,60f9fc84b04fbe22a02a54353f370581e106cb80cf20a4762c482d873c2b4530,0.0,0.0,0.0,0.0,0.0,0
16,4,0.12,0.98,posterior_triggered,periodic_nominal,goodput_relative_delta,10,20261031,10000,3,903fc0a2bbb79f083251d0b905a6dcd1f43dd4986e3a2b4dab40214233f35e2b,60f9fc84b04fbe22a02a54353f370581e106cb80cf20a4762c482d873c2b4530,0.0,0.0,0.0,0.0,0.0,0
16,4,0.12,0.98,posterior_triggered,periodic_nominal,rate_evaluations_reduction,10,20261031,10000,3,903fc0a2bbb79f083251d0b905a6dcd1f43dd4986e3a2b4dab40214233f35e2b,60f9fc84b04fbe22a02a54353f370581e106cb80cf20a4762c482d873c2b4530,0.450732421875,0.42568359375,0.47578125,0.46953125,0.431884765625,0
16,4,0.12,0.98,posterior_triggered,periodic_nominal,total_latency_p95_delta,10,20261031,10000,3,903fc0a2bbb79f083251d0b905a6dcd1f43dd4986e3a2b4dab40214233f35e2b,60f9fc84b04fbe22a02a54353f370581e106cb80cf20a4762c482d873c2b4530,-98.50375150996115,-99.55513230187353,-97.3835060615038,-97.58280274439312,-99.389666205514,0
16,4,0.28,0.7,posterior_triggered,periodic_risk,weak_user_outage_delta,10,20261031,10000,2,903fc0a2bbb79f083251d0b905a6dcd1f43dd4986e3a2b4dab40214233f35e2b,60f9fc84b04fbe22a02a54353f370581e106cb80cf20a4762c482d873c2b4530,-0.015625,-0.0375,0.0,-0.003125,-0.03125,0
16,4,0.28,0.7,posterior_triggered,periodic_risk,goodput_relative_delta,10,20261031,10000,2,903fc0a2bbb79f083251d0b905a6dcd1f43dd4986e3a2b4dab40214233f35e2b,60f9fc84b04fbe22a02a54353f370581e106cb80cf20a4762c482d873c2b4530,0.005650112788320794,-0.0030692452505936886,0.01441292242703529,0.012831772414536858,-0.0015067452505936885,0
16,4,0.28,0.7,posterior_triggered,periodic_risk,rate_evaluations_reduction,10,20261031,10000,2,903fc0a2bbb79f083251d0b905a6dcd1f43dd4986e3a2b4dab40214233f35e2b,60f9fc84b04fbe22a02a54353f370581e106cb80cf20a4762c482d873c2b4530,-0.024951171875,-0.093994140625,0.05,0.037548828125,-0.087451171875,0
16,4,0.28,0.7,posterior_triggered,periodic_risk,total_latency_p95_delta,10,20261031,10000,2,903fc0a2bbb79f083251d0b905a6dcd1f43dd4986e3a2b4dab40214233f35e2b,60f9fc84b04fbe22a02a54353f370581e106cb80cf20a4762c482d873c2b4530,56.142315750148555,55.17036197103971,57.08990714126321,56.9421181536527,55.33036193101543,0
16,4,0.28,0.7,posterior_triggered,always_risk,weak_user_outage_delta,10,20261031,10000,2,903fc0a2bbb79f083251d0b905a6dcd1f43dd4986e3a2b4dab40214233f35e2b,60f9fc84b04fbe22a02a54353f370581e106cb80cf20a4762c482d873c2b4530,-0.0125,-0.021875,-0.003125,-0.00625,-0.021875,0
16,4,0.28,0.7,posterior_triggered,always_risk,goodput_relative_delta,10,20261031,10000,2,903fc0a2bbb79f083251d0b905a6dcd1f43dd4986e3a2b4dab40214233f35e2b,60f9fc84b04fbe22a02a54353f370581e106cb80cf20a4762c482d873c2b4530,0.0057283471020194154,-0.003125,0.016968266456858117,0.01458169420403883,-0.0015625,0
16,4,0.28,0.7,posterior_triggered,always_risk,rate_evaluations_reduction,10,20261031,10000,2,903fc0a2bbb79f083251d0b905a6dcd1f43dd4986e3a2b4dab40214233f35e2b,60f9fc84b04fbe22a02a54353f370581e106cb80cf20a4762c482d873c2b4530,0.4875244140625,0.45302734375,0.525,0.5187744140625,0.459251708984375,0
16,4,0.28,0.7,posterior_triggered,always_risk,total_latency_p95_delta,10,20261031,10000,2,903fc0a2bbb79f083251d0b905a6dcd1f43dd4986e3a2b4dab40214233f35e2b,60f9fc84b04fbe22a02a54353f370581e106cb80cf20a4762c482d873c2b4530,56.23942660036846,55.00143832381309,57.46499380464229,57.28426680715893,55.202629025247006,0
16,4,0.28,0.7,posterior_triggered,periodic_nominal,weak_user_outage_delta,10,20261031,10000,2,903fc0a2bbb79f083251d0b905a6dcd1f43dd4986e3a2b4dab40214233f35e2b,60f9fc84b04fbe22a02a54353f370581e106cb80cf20a4762c482d873c2b4530,-0.009375,-0.01875,0.0,-0.003125,-0.01875,0
16,4,0.28,0.7,posterior_triggered,periodic_nominal,goodput_relative_delta,10,20261031,10000,2,903fc0a2bbb79f083251d0b905a6dcd1f43dd4986e3a2b4dab40214233f35e2b,60f9fc84b04fbe22a02a54353f370581e106cb80cf20a4762c482d873c2b4530,0.004037609588115987,-0.00309404683789527,0.011226220840338485,0.010355862775217583,-0.0015563484251968518,0
16,4,0.28,0.7,posterior_triggered,periodic_nominal,rate_evaluations_reduction,10,20261031,10000,2,903fc0a2bbb79f083251d0b905a6dcd1f43dd4986e3a2b4dab40214233f35e2b,60f9fc84b04fbe22a02a54353f370581e106cb80cf20a4762c482d873c2b4530,-0.024951171875,-0.09404296875,0.050146484375,0.037548828125,-0.08759765625,0
16,4,0.28,0.7,posterior_triggered,periodic_nominal,total_latency_p95_delta,10,20261031,10000,2,903fc0a2bbb79f083251d0b905a6dcd1f43dd4986e3a2b4dab40214233f35e2b,60f9fc84b04fbe22a02a54353f370581e106cb80cf20a4762c482d873c2b4530,-96.91323023438599,-98.03709942719524,-95.8364676830497,-95.98811625572671,-97.85891955662191,0
16,4,0.28,0.98,posterior_triggered,periodic_risk,weak_user_outage_delta,10,20261031,10000,3,903fc0a2bbb79f083251d0b905a6dcd1f43dd4986e3a2b4dab40214233f35e2b,60f9fc84b04fbe22a02a54353f370581e106cb80cf20a4762c482d873c2b4530,-0.0125,-0.03125,0.0,0.0,-0.025,0
16,4,0.28,0.98,posterior_triggered,periodic_risk,goodput_relative_delta,10,20261031,10000,3,903fc0a2bbb79f083251d0b905a6dcd1f43dd4986e3a2b4dab40214233f35e2b,60f9fc84b04fbe22a02a54353f370581e106cb80cf20a4762c482d873c2b4530,0.012105843987904463,0.0031746031746031633,0.022742777195156244,0.02104958323890105,0.004700722893509301,0
16,4,0.28,0.98,posterior_triggered,periodic_risk,rate_evaluations_reduction,10,20261031,10000,3,903fc0a2bbb79f083251d0b905a6dcd1f43dd4986e3a2b4dab40214233f35e2b,60f9fc84b04fbe22a02a54353f370581e106cb80cf20a4762c482d873c2b4530,-0.24423828125,-0.33173828125,-0.16899291992187504,-0.175439453125,-0.31318359375,0
16,4,0.28,0.98,posterior_triggered,periodic_risk,total_latency_p95_delta,10,20261031,10000,3,903fc0a2bbb79f083251d0b905a6dcd1f43dd4986e3a2b4dab40214233f35e2b,60f9fc84b04fbe22a02a54353f370581e106cb80cf20a4762c482d873c2b4530,52.34767805075535,49.321648857425316,54.77130026938539,54.51363753679652,49.90721187973031,0
16,4,0.28,0.98,posterior_triggered,always_risk,weak_user_outage_delta,10,20261031,10000,3,903fc0a2bbb79f083251d0b905a6dcd1f43dd4986e3a2b4dab40214233f35e2b,60f9fc84b04fbe22a02a54353f370581e106cb80cf20a4762c482d873c2b4530,-0.003125,-0.009375,0.0,0.0,-0.009375,0
16,4,0.28,0.98,posterior_triggered,always_risk,goodput_relative_delta,10,20261031,10000,3,903fc0a2bbb79f083251d0b905a6dcd1f43dd4986e3a2b4dab40214233f35e2b,60f9fc84b04fbe22a02a54353f370581e106cb80cf20a4762c482d873c2b4530,0.004762204724409446,0.0007874015748031482,0.00956220472440945,0.008774803149606302,0.0015748031496062964,0
16,4,0.28,0.98,posterior_triggered,always_risk,rate_evaluations_reduction,10,20261031,10000,3,903fc0a2bbb79f083251d0b905a6dcd1f43dd4986e3a2b4dab40214233f35e2b,60f9fc84b04fbe22a02a54353f370581e106cb80cf20a4762c482d873c2b4530,0.377880859375,0.33718200683593746,0.4154541015625,0.409228515625,0.3434326171875,0
16,4,0.28,0.98,posterior_triggered,always_risk,total_latency_p95_delta,10,20261031,10000,3,903fc0a2bbb79f083251d0b905a6dcd1f43dd4986e3a2b4dab40214233f35e2b,60f9fc84b04fbe22a02a54353f370581e106cb80cf20a4762c482d873c2b4530,53.88754044055531,51.688749706161616,55.47917864750161,55.29530332859213,52.09530381311379,0
16,4,0.28,0.98,posterior_triggered,periodic_nominal,weak_user_outage_delta,10,20261031,10000,3,903fc0a2bbb79f083251d0b905a6dcd1f43dd4986e3a2b4dab40214233f35e2b,60f9fc84b04fbe22a02a54353f370581e106cb80cf20a4762c482d873c2b4530,-0.0375,-0.1,0.0,0.0,-0.0875,0
16,4,0.28,0.98,posterior_triggered,periodic_nominal,goodput_relative_delta,10,20261031,10000,3,903fc0a2bbb79f083251d0b905a6dcd1f43dd4986e3a2b4dab40214233f35e2b,60f9fc84b04fbe22a02a54353f370581e106cb80cf20a4762c482d873c2b4530,0.022539682539682526,0.0,0.056190476190476166,0.049523809523809505,0.0015873015873015817,0
16,4,0.28,0.98,posterior_triggered,periodic_nominal,rate_evaluations_reduction,10,20261031,10000,3,903fc0a2bbb79f083251d0b905a6dcd1f43dd4986e3a2b4dab40214233f35e2b,60f9fc84b04fbe22a02a54353f370581e106cb80cf20a4762c482d873c2b4530,-0.24423828125,-0.325634765625,-0.169091796875,-0.17558349609375004,-0.3130859375,0
16,4,0.28,0.98,posterior_triggered,periodic_nominal,total_latency_p95_delta,10,20261031,10000,3,903fc0a2bbb79f083251d0b905a6dcd1f43dd4986e3a2b4dab40214233f35e2b,60f9fc84b04fbe22a02a54353f370581e106cb80cf20a4762c482d873c2b4530,-98.94288356943434,-100.16924496336287,-97.71973629471904,-97.91641432633332,-99.96053742203367,0
32,2,0.12,0.7,posterior_triggered,periodic_risk,weak_user_outage_delta,10,20261031,10000,1,903fc0a2bbb79f083251d0b905a6dcd1f43dd4986e3a2b4dab40214233f35e2b,60f9fc84b04fbe22a02a54353f370581e106cb80cf20a4762c482d873c2b4530,0.0,0.0,0.0,0.0,0.0,0
32,2,0.12,0.7,posterior_triggered,periodic_risk,goodput_relative_delta,10,20261031,10000,1,903fc0a2bbb79f083251d0b905a6dcd1f43dd4986e3a2b4dab40214233f35e2b,60f9fc84b04fbe22a02a54353f370581e106cb80cf20a4762c482d873c2b4530,0.0,0.0,0.0,0.0,0.0,0
32,2,0.12,0.7,posterior_triggered,periodic_risk,rate_evaluations_reduction,10,20261031,10000,1,903fc0a2bbb79f083251d0b905a6dcd1f43dd4986e3a2b4dab40214233f35e2b,60f9fc84b04fbe22a02a54353f370581e106cb80cf20a4762c482d873c2b4530,0.48828125,0.48828125,0.48828125,0.48828125,0.48828125,0
32,2,0.12,0.7,posterior_triggered,periodic_risk,total_latency_p95_delta,10,20261031,10000,1,903fc0a2bbb79f083251d0b905a6dcd1f43dd4986e3a2b4dab40214233f35e2b,60f9fc84b04fbe22a02a54353f370581e106cb80cf20a4762c482d873c2b4530,162.32271345419576,161.05694651564318,163.61692724898967,163.4035458290291,161.25441791752564,0
32,2,0.12,0.7,posterior_triggered,always_risk,weak_user_outage_delta,10,20261031,10000,1,903fc0a2bbb79f083251d0b905a6dcd1f43dd4986e3a2b4dab40214233f35e2b,60f9fc84b04fbe22a02a54353f370581e106cb80cf20a4762c482d873c2b4530,0.0,0.0,0.0,0.0,0.0,0
32,2,0.12,0.7,posterior_triggered,always_risk,goodput_relative_delta,10,20261031,10000,1,903fc0a2bbb79f083251d0b905a6dcd1f43dd4986e3a2b4dab40214233f35e2b,60f9fc84b04fbe22a02a54353f370581e106cb80cf20a4762c482d873c2b4530,0.0,0.0,0.0,0.0,0.0,0
32,2,0.12,0.7,posterior_triggered,always_risk,rate_evaluations_reduction,10,20261031,10000,1,903fc0a2bbb79f083251d0b905a6dcd1f43dd4986e3a2b4dab40214233f35e2b,60f9fc84b04fbe22a02a54353f370581e106cb80cf20a4762c482d873c2b4530,0.744140625,0.744140625,0.744140625,0.744140625,0.744140625,0
32,2,0.12,0.7,posterior_triggered,always_risk,total_latency_p95_delta,10,20261031,10000,1,903fc0a2bbb79f083251d0b905a6dcd1f43dd4986e3a2b4dab40214233f35e2b,60f9fc84b04fbe22a02a54353f370581e106cb80cf20a4762c482d873c2b4530,162.37782975564187,161.07537243234583,163.6873483479576,163.47927134800375,161.27394061446466,0
32,2,0.12,0.7,posterior_triggered,periodic_nominal,weak_user_outage_delta,10,20261031,10000,1,903fc0a2bbb79f083251d0b905a6dcd1f43dd4986e3a2b4dab40214233f35e2b,60f9fc84b04fbe22a02a54353f370581e106cb80cf20a4762c482d873c2b4530,0.0,0.0,0.0,0.0,0.0,0
32,2,0.12,0.7,posterior_triggered,periodic_nominal,goodput_relative_delta,10,20261031,10000,1,903fc0a2bbb79f083251d0b905a6dcd1f43dd4986e3a2b4dab40214233f35e2b,60f9fc84b04fbe22a02a54353f370581e106cb80cf20a4762c482d873c2b4530,0.0,0.0,0.0,0.0,0.0,0
32,2,0.12,0.7,posterior_triggered,periodic_nominal,rate_evaluations_reduction,10,20261031,10000,1,903fc0a2bbb79f083251d0b905a6dcd1f43dd4986e3a2b4dab40214233f35e2b,60f9fc84b04fbe22a02a54353f370581e106cb80cf20a4762c482d873c2b4530,0.48828125,0.48828125,0.48828125,0.48828125,0.48828125,0
32,2,0.12,0.7,posterior_triggered,periodic_nominal,total_latency_p95_delta,10,20261031,10000,1,903fc0a2bbb79f083251d0b905a6dcd1f43dd4986e3a2b4dab40214233f35e2b,60f9fc84b04fbe22a02a54353f370581e106cb80cf20a4762c482d873c2b4530,8.231916844742955,6.839779148989692,9.593653117511167,9.37677417974737,7.081728155888413,0
32,2,0.12,0.98,posterior_triggered,periodic_risk,weak_user_outage_delta,10,20261031,10000,1,903fc0a2bbb79f083251d0b905a6dcd1f43dd4986e3a2b4dab40214233f35e2b,60f9fc84b04fbe22a02a54353f370581e106cb80cf20a4762c482d873c2b4530,0.0,0.0,0.0,0.0,0.0,0
32,2,0.12,0.98,posterior_triggered,periodic_risk,goodput_relative_delta,10,20261031,10000,1,903fc0a2bbb79f083251d0b905a6dcd1f43dd4986e3a2b4dab40214233f35e2b,60f9fc84b04fbe22a02a54353f370581e106cb80cf20a4762c482d873c2b4530,0.0,0.0,0.0,0.0,0.0,0
32,2,0.12,0.98,posterior_triggered,periodic_risk,rate_evaluations_reduction,10,20261031,10000,1,903fc0a2bbb79f083251d0b905a6dcd1f43dd4986e3a2b4dab40214233f35e2b,60f9fc84b04fbe22a02a54353f370581e106cb80cf20a4762c482d873c2b4530,0.48828125,0.48828125,0.48828125,0.48828125,0.48828125,0
32,2,0.12,0.98,posterior_triggered,periodic_risk,total_latency_p95_delta,10,20261031,10000,1,903fc0a2bbb79f083251d0b905a6dcd1f43dd4986e3a2b4dab40214233f35e2b,60f9fc84b04fbe22a02a54353f370581e106cb80cf20a4762c482d873c2b4530,160.16394365473388,156.4468013175383,162.4571683994218,162.30531490923568,156.80037471482137,0
32,2,0.12,0.98,posterior_triggered,always_risk,weak_user_outage_delta,10,20261031,10000,1,903fc0a2bbb79f083251d0b905a6dcd1f43dd4986e3a2b4dab40214233f35e2b,60f9fc84b04fbe22a02a54353f370581e106cb80cf20a4762c482d873c2b4530,0.0,0.0,0.0,0.0,0.0,0
32,2,0.12,0.98,posterior_triggered,always_risk,goodput_relative_delta,10,20261031,10000,1,903fc0a2bbb79f083251d0b905a6dcd1f43dd4986e3a2b4dab40214233f35e2b,60f9fc84b04fbe22a02a54353f370581e106cb80cf20a4762c482d873c2b4530,0.0,0.0,0.0,0.0,0.0,0
32,2,0.12,0.98,posterior_triggered,always_risk,rate_evaluations_reduction,10,20261031,10000,1,903fc0a2bbb79f083251d0b905a6dcd1f43dd4986e3a2b4dab40214233f35e2b,60f9fc84b04fbe22a02a54353f370581e106cb80cf20a4762c482d873c2b4530,0.744140625,0.744140625,0.744140625,0.744140625,0.744140625,0
32,2,0.12,0.98,posterior_triggered,always_risk,total_latency_p95_delta,10,20261031,10000,1,903fc0a2bbb79f083251d0b905a6dcd1f43dd4986e3a2b4dab40214233f35e2b,60f9fc84b04fbe22a02a54353f370581e106cb80cf20a4762c482d873c2b4530,161.711784240033,160.36761783242582,162.82452161559286,162.67862995187352,160.61069465795117,0
32,2,0.12,0.98,posterior_triggered,periodic_nominal,weak_user_outage_delta,10,20261031,10000,1,903fc0a2bbb79f083251d0b905a6dcd1f43dd4986e3a2b4dab40214233f35e2b,60f9fc84b04fbe22a02a54353f370581e106cb80cf20a4762c482d873c2b4530,0.0,0.0,0.0,0.0,0.0,0
32,2,0.12,0.98,posterior_triggered,periodic_nominal,goodput_relative_delta,10,20261031,10000,1,903fc0a2bbb79f083251d0b905a6dcd1f43dd4986e3a2b4dab40214233f35e2b,60f9fc84b04fbe22a02a54353f370581e106cb80cf20a4762c482d873c2b4530,0.0,0.0,0.0,0.0,0.0,0
32,2,0.12,0.98,posterior_triggered,periodic_nominal,rate_evaluations_reduction,10,20261031,10000,1,903fc0a2bbb79f083251d0b905a6dcd1f43dd4986e3a2b4dab40214233f35e2b,60f9fc84b04fbe22a02a54353f370581e106cb80cf20a4762c482d873c2b4530,0.48828125,0.48828125,0.48828125,0.48828125,0.48828125,0
32,2,0.12,0.98,posterior_triggered,periodic_nominal,total_latency_p95_delta,10,20261031,10000,1,903fc0a2bbb79f083251d0b905a6dcd1f43dd4986e3a2b4dab40214233f35e2b,60f9fc84b04fbe22a02a54353f370581e106cb80cf20a4762c482d873c2b4530,8.20972014520521,7.163176354328243,9.301398426132437,9.126399591114023,7.3225735901669395,0
32,2,0.28,0.7,posterior_triggered,periodic_risk,weak_user_outage_delta,10,20261031,10000,1,903fc0a2bbb79f083251d0b905a6dcd1f43dd4986e3a2b4dab40214233f35e2b,60f9fc84b04fbe22a02a54353f370581e106cb80cf20a4762c482d873c2b4530,0.0,0.0,0.0,0.0,0.0,0
32,2,0.28,0.7,posterior_triggered,periodic_risk,goodput_relative_delta,10,20261031,10000,1,903fc0a2bbb79f083251d0b905a6dcd1f43dd4986e3a2b4dab40214233f35e2b,60f9fc84b04fbe22a02a54353f370581e106cb80cf20a4762c482d873c2b4530,0.0,0.0,0.0,0.0,0.0,0
32,2,0.28,0.7,posterior_triggered,periodic_risk,rate_evaluations_reduction,10,20261031,10000,1,903fc0a2bbb79f083251d0b905a6dcd1f43dd4986e3a2b4dab40214233f35e2b,60f9fc84b04fbe22a02a54353f370581e106cb80cf20a4762c482d873c2b4530,0.46328125,0.42578125,0.48828125,0.48828125,0.43203125,0
32,2,0.28,0.7,posterior_triggered,periodic_risk,total_latency_p95_delta,10,20261031,10000,1,903fc0a2bbb79f083251d0b905a6dcd1f43dd4986e3a2b4dab40214233f35e2b,60f9fc84b04fbe22a02a54353f370581e106cb80cf20a4762c482d873c2b4530,161.51678984053433,161.09629519888495,162.03392179699222,161.94079034204879,161.14653483947222,0
32,2,0.28,0.7,posterior_triggered,always_risk,weak_user_outage_delta,10,20261031,10000,1,903fc0a2bbb79f083251d0b905a6dcd1f43dd4986e3a2b4dab40214233f35e2b,60f9fc84b04fbe22a02a54353f370581e106cb80cf20a4762c482d873c2b4530,0.0,0.0,0.0,0.0,0.0,0
32,2,0.28,0.7,posterior_triggered,always_risk,goodput_relative_delta,10,20261031,10000,1,903fc0a2bbb79f083251d0b905a6dcd1f43dd4986e3a2b4dab40214233f35e2b,60f9fc84b04fbe22a02a54353f370581e106cb80cf20a4762c482d873c2b4530,0.0,0.0,0.0,0.0,0.0,0
32,2,0.28,0.7,posterior_triggered,always_risk,rate_evaluations_reduction,10,20261031,10000,1,903fc0a2bbb79f083251d0b905a6dcd1f43dd4986e3a2b4dab40214233f35e2b,60f9fc84b04fbe22a02a54353f370581e106cb80cf20a4762c482d873c2b4530,0.731640625,0.712890625,0.744140625,0.744140625,0.716015625,0
32,2,0.28,0.7,posterior_triggered,always_risk,total_latency_p95_delta,10,20261031,10000,1,903fc0a2bbb79f083251d0b905a6dcd1f43dd4986e3a2b4dab40214233f35e2b,60f9fc84b04fbe22a02a54353f370581e106cb80cf20a4762c482d873c2b4530,161.68869383542187,161.30974610130488,162.11039849382814,162.042899694894,161.36245792208865,0
32,2,0.28,0.7,posterior_triggered,periodic_nominal,weak_user_outage_delta,10,20261031,10000,1,903fc0a2bbb79f083251d0b905a6dcd1f43dd4986e3a2b4dab40214233f35e2b,60f9fc84b04fbe22a02a54353f370581e106cb80cf20a4762c482d873c2b4530,0.0,0.0,0.0,0.0,0.0,0
32,2,0.28,0.7,posterior_triggered,periodic_nominal,goodput_relative_delta,10,20261031,10000,1,903fc0a2bbb79f083251d0b905a6dcd1f43dd4986e3a2b4dab40214233f35e2b,60f9fc84b04fbe22a02a54353f370581e106cb80cf20a4762c482d873c2b4530,0.0,0.0,0.0,0.0,0.0,0
32,2,0.28,0.7,posterior_triggered,periodic_nominal,rate_evaluations_reduction,10,20261031,10000,1,903fc0a2bbb79f083251d0b905a6dcd1f43dd4986e3a2b4dab40214233f35e2b,60f9fc84b04fbe22a02a54353f370581e106cb80cf20a4762c482d873c2b4530,0.46328125,0.41953125,0.48828125,0.48828125,0.42578125,0
32,2,0.28,0.7,posterior_triggered,periodic_nominal,total_latency_p95_delta,10,20261031,10000,1,903fc0a2bbb79f083251d0b905a6dcd1f43dd4986e3a2b4dab40214233f35e2b,60f9fc84b04fbe22a02a54353f370581e106cb80cf20a4762c482d873c2b4530,9.051032809074968,8.238998149040526,9.954361674743268,9.791603721880165,8.352419035310959,0
32,2,0.28,0.98,posterior_triggered,periodic_risk,weak_user_outage_delta,10,20261031,10000,0,903fc0a2bbb79f083251d0b905a6dcd1f43dd4986e3a2b4dab40214233f35e2b,60f9fc84b04fbe22a02a54353f370581e106cb80cf20a4762c482d873c2b4530,0.0,0.0,0.0,0.0,0.0,0
32,2,0.28,0.98,posterior_triggered,periodic_risk,goodput_relative_delta,10,20261031,10000,0,903fc0a2bbb79f083251d0b905a6dcd1f43dd4986e3a2b4dab40214233f35e2b,60f9fc84b04fbe22a02a54353f370581e106cb80cf20a4762c482d873c2b4530,0.0,0.0,0.0,0.0,0.0,0
32,2,0.28,0.98,posterior_triggered,periodic_risk,rate_evaluations_reduction,10,20261031,10000,0,903fc0a2bbb79f083251d0b905a6dcd1f43dd4986e3a2b4dab40214233f35e2b,60f9fc84b04fbe22a02a54353f370581e106cb80cf20a4762c482d873c2b4530,0.43203125,0.40078125,0.46328125,0.45703125,0.40703125,0
32,2,0.28,0.98,posterior_triggered,periodic_risk,total_latency_p95_delta,10,20261031,10000,0,903fc0a2bbb79f083251d0b905a6dcd1f43dd4986e3a2b4dab40214233f35e2b,60f9fc84b04fbe22a02a54353f370581e106cb80cf20a4762c482d873c2b4530,163.15070611977717,162.32661129262488,164.00232401321318,163.86869582590407,162.45790818619025,0
32,2,0.28,0.98,posterior_triggered,always_risk,weak_user_outage_delta,10,20261031,10000,0,903fc0a2bbb79f083251d0b905a6dcd1f43dd4986e3a2b4dab40214233f35e2b,60f9fc84b04fbe22a02a54353f370581e106cb80cf20a4762c482d873c2b4530,0.0,0.0,0.0,0.0,0.0,0
32,2,0.28,0.98,posterior_triggered,always_risk,goodput_relative_delta,10,20261031,10000,0,903fc0a2bbb79f083251d0b905a6dcd1f43dd4986e3a2b4dab40214233f35e2b,60f9fc84b04fbe22a02a54353f370581e106cb80cf20a4762c482d873c2b4530,0.0,0.0,0.0,0.0,0.0,0
32,2,0.28,0.98,posterior_triggered,always_risk,rate_evaluations_reduction,10,20261031,10000,0,903fc0a2bbb79f083251d0b905a6dcd1f43dd4986e3a2b4dab40214233f35e2b,60f9fc84b04fbe22a02a54353f370581e106cb80cf20a4762c482d873c2b4530,0.716015625,0.700390625,0.731640625,0.728515625,0.703515625,0
32,2,0.28,0.98,posterior_triggered,always_risk,total_latency_p95_delta,10,20261031,10000,0,903fc0a2bbb79f083251d0b905a6dcd1f43dd4986e3a2b4dab40214233f35e2b,60f9fc84b04fbe22a02a54353f370581e106cb80cf20a4762c482d873c2b4530,163.28673374478967,162.43689617436758,164.1896761321559,164.03558681168215,162.57067641414324,0
32,2,0.28,0.98,posterior_triggered,periodic_nominal,weak_user_outage_delta,10,20261031,10000,0,903fc0a2bbb79f083251d0b905a6dcd1f43dd4986e3a2b4dab40214233f35e2b,60f9fc84b04fbe22a02a54353f370581e106cb80cf20a4762c482d873c2b4530,0.0,0.0,0.0,0.0,0.0,0
32,2,0.28,0.98,posterior_triggered,periodic_nominal,goodput_relative_delta,10,20261031,10000,0,903fc0a2bbb79f083251d0b905a6dcd1f43dd4986e3a2b4dab40214233f35e2b,60f9fc84b04fbe22a02a54353f370581e106cb80cf20a4762c482d873c2b4530,0.0,0.0,0.0,0.0,0.0,0
32,2,0.28,0.98,posterior_triggered,periodic_nominal,rate_evaluations_reduction,10,20261031,10000,0,903fc0a2bbb79f083251d0b905a6dcd1f43dd4986e3a2b4dab40214233f35e2b,60f9fc84b04fbe22a02a54353f370581e106cb80cf20a4762c482d873c2b4530,0.43203125,0.40078125,0.46328125,0.45703125,0.40703125,0
32,2,0.28,0.98,posterior_triggered,periodic_nominal,total_latency_p95_delta,10,20261031,10000,0,903fc0a2bbb79f083251d0b905a6dcd1f43dd4986e3a2b4dab40214233f35e2b,60f9fc84b04fbe22a02a54353f370581e106cb80cf20a4762c482d873c2b4530,11.694406245551363,10.863255137279339,12.575298664659385,12.427557169346983,10.984796983773776,0
32,4,0.12,0.7,posterior_triggered,periodic_risk,weak_user_outage_delta,10,20261031,10000,3,903fc0a2bbb79f083251d0b905a6dcd1f43dd4986e3a2b4dab40214233f35e2b,60f9fc84b04fbe22a02a54353f370581e106cb80cf20a4762c482d873c2b4530,0.0,0.0,0.0,0.0,0.0,0
32,4,0.12,0.7,posterior_triggered,periodic_risk,goodput_relative_delta,10,20261031,10000,3,903fc0a2bbb79f083251d0b905a6dcd1f43dd4986e3a2b4dab40214233f35e2b,60f9fc84b04fbe22a02a54353f370581e106cb80cf20a4762c482d873c2b4530,0.0,0.0,0.0,0.0,0.0,0
32,4,0.12,0.7,posterior_triggered,periodic_risk,rate_evaluations_reduction,10,20261031,10000,3,903fc0a2bbb79f083251d0b905a6dcd1f43dd4986e3a2b4dab40214233f35e2b,60f9fc84b04fbe22a02a54353f370581e106cb80cf20a4762c482d873c2b4530,0.46953125,0.43828125,0.48828125,0.48828125,0.44453125,0
32,4,0.12,0.7,posterior_triggered,periodic_risk,total_latency_p95_delta,10,20261031,10000,3,903fc0a2bbb79f083251d0b905a6dcd1f43dd4986e3a2b4dab40214233f35e2b,60f9fc84b04fbe22a02a54353f370581e106cb80cf20a4762c482d873c2b4530,321.8748381045589,319.35131208750227,324.26921590591246,323.94954851508373,319.78140402120516,0
32,4,0.12,0.7,posterior_triggered,always_risk,weak_user_outage_delta,10,20261031,10000,3,903fc0a2bbb79f083251d0b905a6dcd1f43dd4986e3a2b4dab40214233f35e2b,60f9fc84b04fbe22a02a54353f370581e106cb80cf20a4762c482d873c2b4530,0.0,0.0,0.0,0.0,0.0,0
32,4,0.12,0.7,posterior_triggered,always_risk,goodput_relative_delta,10,20261031,10000,3,903fc0a2bbb79f083251d0b905a6dcd1f43dd4986e3a2b4dab40214233f35e2b,60f9fc84b04fbe22a02a54353f370581e106cb80cf20a4762c482d873c2b4530,0.0,0.0,0.0,0.0,0.0,0
32,4,0.12,0.7,posterior_triggered,always_risk,rate_evaluations_reduction,10,20261031,10000,3,903fc0a2bbb79f083251d0b905a6dcd1f43dd4986e3a2b4dab40214233f35e2b,60f9fc84b04fbe22a02a54353f370581e106cb80cf20a4762c482d873c2b4530,0.734765625,0.722265625,0.744140625,0.744140625,0.722265625,0
32,4,0.12,0.7,posterior_triggered,always_risk,total_latency_p95_delta,10,20261031,10000,3,903fc0a2bbb79f083251d0b905a6dcd1f43dd4986e3a2b4dab40214233f35e2b,60f9fc84b04fbe22a02a54353f370581e106cb80cf20a4762c482d873c2b4530,322.6829323548736,320.6346186802821,324.7680734747082,324.4532592571668,320.96396705094594,0
32,4,0.12,0.7,posterior_triggered,periodic_nominal,weak_user_outage_delta,10,20261031,10000,3,903fc0a2bbb79f083251d0b905a6dcd1f43dd4986e3a2b4dab40214233f35e2b,60f9fc84b04fbe22a02a54353f370581e106cb80cf20a4762c482d873c2b4530,0.0,0.0,0.0,0.0,0.0,0
32,4,0.12,0.7,posterior_triggered,periodic_nominal,goodput_relative_delta,10,20261031,10000,3,903fc0a2bbb79f083251d0b905a6dcd1f43dd4986e3a2b4dab40214233f35e2b,60f9fc84b04fbe22a02a54353f370581e106cb80cf20a4762c482d873c2b4530,0.0015873015873015817,0.0,0.004761904761904745,0.004761904761904745,0.0,0
32,4,0.12,0.7,posterior_triggered,periodic_nominal,rate_evaluations_reduction,10,20261031,10000,3,903fc0a2bbb79f083251d0b905a6dcd1f43dd4986e3a2b4dab40214233f35e2b,60f9fc84b04fbe22a02a54353f370581e106cb80cf20a4762c482d873c2b4530,0.46953125,0.44453125,0.48828125,0.48828125,0.44453125,0
32,4,0.12,0.7,posterior_triggered,periodic_nominal,total_latency_p95_delta,10,20261031,10000,3,903fc0a2bbb79f083251d0b905a6dcd1f43dd4986e3a2b4dab40214233f35e2b,60f9fc84b04fbe22a02a54353f370581e106cb80cf20a4762c482d873c2b4530,170.7887695444515,168.8430363115549,172.88160821997735,172.5587944962117,169.1218053151497,0
32,4,0.12,0.98,posterior_triggered,periodic_risk,weak_user_outage_delta,10,20261031,10000,3,903fc0a2bbb79f083251d0b905a6dcd1f43dd4986e3a2b4dab40214233f35e2b,60f9fc84b04fbe22a02a54353f370581e106cb80cf20a4762c482d873c2b4530,0.0,0.0,0.0,0.0,0.0,0
32,4,0.12,0.98,posterior_triggered,periodic_risk,goodput_relative_delta,10,20261031,10000,3,903fc0a2bbb79f083251d0b905a6dcd1f43dd4986e3a2b4dab40214233f35e2b,60f9fc84b04fbe22a02a54353f370581e106cb80cf20a4762c482d873c2b4530,0.0,0.0,0.0,0.0,0.0,0
32,4,0.12,0.98,posterior_triggered,periodic_risk,rate_evaluations_reduction,10,20261031,10000,3,903fc0a2bbb79f083251d0b905a6dcd1f43dd4986e3a2b4dab40214233f35e2b,60f9fc84b04fbe22a02a54353f370581e106cb80cf20a4762c482d873c2b4530,0.46953125,0.45078125,0.48828125,0.48203125,0.45703125,0
32,4,0.12,0.98,posterior_triggered,periodic_risk,total_latency_p95_delta,10,20261031,10000,3,903fc0a2bbb79f083251d0b905a6dcd1f43dd4986e3a2b4dab40214233f35e2b,60f9fc84b04fbe22a02a54353f370581e106cb80cf20a4762c482d873c2b4530,324.6014387365358,323.31165541124847,325.89138352601276,325.6971344359117,323.5088793163068,0
32,4,0.12,0.98,posterior_triggered,always_risk,weak_user_outage_delta,10,20261031,10000,3,903fc0a2bbb79f083251d0b905a6dcd1f43dd4986e3a2b4dab40214233f35e2b,60f9fc84b04fbe22a02a54353f370581e106cb80cf20a4762c482d873c2b4530,0.0,0.0,0.0,0.0,0.0,0
32,4,0.12,0.98,posterior_triggered,always_risk,goodput_relative_delta,10,20261031,10000,3,903fc0a2bbb79f083251d0b905a6dcd1f43dd4986e3a2b4dab40214233f35e2b,60f9fc84b04fbe22a02a54353f370581e106cb80cf20a4762c482d873c2b4530,0.0,0.0,0.0,0.0,0.0,0
32,4,0.12,0.98,posterior_triggered,always_risk,rate_evaluations_reduction,10,20261031,10000,3,903fc0a2bbb79f083251d0b905a6dcd1f43dd4986e3a2b4dab40214233f35e2b,60f9fc84b04fbe22a02a54353f370581e106cb80cf20a4762c482d873c2b4530,0.734765625,0.725390625,0.744140625,0.741015625,0.728515625,0
32,4,0.12,0.98,posterior_triggered,always_risk,total_latency_p95_delta,10,20261031,10000,3,903fc0a2bbb79f083251d0b905a6dcd1f43dd4986e3a2b4dab40214233f35e2b,60f9fc84b04fbe22a02a54353f370581e106cb80cf20a4762c482d873c2b4530,324.69001237455814,323.26627576445026,326.1237731226538,325.90995542999735,323.49537506358683,0
32,4,0.12,0.98,posterior_triggered,periodic_nominal,weak_user_outage_delta,10,20261031,10000,3,903fc0a2bbb79f083251d0b905a6dcd1f43dd4986e3a2b4dab40214233f35e2b,60f9fc84b04fbe22a02a54353f370581e106cb80cf20a4762c482d873c2b4530,0.0,0.0,0.0,0.0,0.0,0
32,4,0.12,0.98,posterior_triggered,periodic_nominal,goodput_relative_delta,10,20261031,10000,3,903fc0a2bbb79f083251d0b905a6dcd1f43dd4986e3a2b4dab40214233f35e2b,60f9fc84b04fbe22a02a54353f370581e106cb80cf20a4762c482d873c2b4530,0.0,0.0,0.0,0.0,0.0,0
32,4,0.12,0.98,posterior_triggered,periodic_nominal,rate_evaluations_reduction,10,20261031,10000,3,903fc0a2bbb79f083251d0b905a6dcd1f43dd4986e3a2b4dab40214233f35e2b,60f9fc84b04fbe22a02a54353f370581e106cb80cf20a4762c482d873c2b4530,0.46953125,0.45078125,0.48828125,0.48203125,0.45703125,0
32,4,0.12,0.98,posterior_triggered,periodic_nominal,total_latency_p95_delta,10,20261031,10000,3,903fc0a2bbb79f083251d0b905a6dcd1f43dd4986e3a2b4dab40214233f35e2b,60f9fc84b04fbe22a02a54353f370581e106cb80cf20a4762c482d873c2b4530,172.9627492004147,171.35298691493517,174.55372702860768,174.30786054184682,171.62411809977675,0
32,4,0.28,0.7,posterior_triggered,periodic_risk,weak_user_outage_delta,10,20261031,10000,3,903fc0a2bbb79f083251d0b905a6dcd1f43dd4986e3a2b4dab40214233f35e2b,60f9fc84b04fbe22a02a54353f370581e106cb80cf20a4762c482d873c2b4530,-0.003125,-0.009375,0.0,0.0,-0.009375,0
32,4,0.28,0.7,posterior_triggered,periodic_risk,goodput_relative_delta,10,20261031,10000,3,903fc0a2bbb79f083251d0b905a6dcd1f43dd4986e3a2b4dab40214233f35e2b,60f9fc84b04fbe22a02a54353f370581e106cb80cf20a4762c482d873c2b4530,0.0032315580008144052,-0.002337598425196852,0.00958811600162881,0.008070267678233756,-0.0015501968503937036,0
32,4,0.28,0.7,posterior_triggered,periodic_risk,rate_evaluations_reduction,10,20261031,10000,3,903fc0a2bbb79f083251d0b905a6dcd1f43dd4986e3a2b4dab40214233f35e2b,60f9fc84b04fbe22a02a54353f370581e106cb80cf20a4762c482d873c2b4530,0.10009765625,0.031298828125,0.17534423828124998,0.1626953125,0.043701171875,0
32,4,0.28,0.7,posterior_triggered,periodic_risk,total_latency_p95_delta,10,20261031,10000,3,903fc0a2bbb79f083251d0b905a6dcd1f43dd4986e3a2b4dab40214233f35e2b,60f9fc84b04fbe22a02a54353f370581e106cb80cf20a4762c482d873c2b4530,319.90084013032174,315.73730673346563,324.1594060329817,323.445024844601,316.4068503678409,0
32,4,0.28,0.7,posterior_triggered,always_risk,weak_user_outage_delta,10,20261031,10000,3,903fc0a2bbb79f083251d0b905a6dcd1f43dd4986e3a2b4dab40214233f35e2b,60f9fc84b04fbe22a02a54353f370581e106cb80cf20a4762c482d873c2b4530,-0.00625,-0.015625,0.0,0.0,-0.0125,0
32,4,0.28,0.7,posterior_triggered,always_risk,goodput_relative_delta,10,20261031,10000,3,903fc0a2bbb79f083251d0b905a6dcd1f43dd4986e3a2b4dab40214233f35e2b,60f9fc84b04fbe22a02a54353f370581e106cb80cf20a4762c482d873c2b4530,0.004774605518060237,1.855236845393904e-05,0.0103496062992126,0.009524409448818893,0.0008059539432570872,0
32,4,0.28,0.7,posterior_triggered,always_risk,rate_evaluations_reduction,10,20261031,10000,3,903fc0a2bbb79f083251d0b905a6dcd1f43dd4986e3a2b4dab40214233f35e2b,60f9fc84b04fbe22a02a54353f370581e106cb80cf20a4762c482d873c2b4530,0.550048828125,0.515673828125,0.5876470947265625,0.5813232421875,0.5218505859375,0
32,4,0.28,0.7,posterior_triggered,always_risk,total_latency_p95_delta,10,20261031,10000,3,903fc0a2bbb79f083251d0b905a6dcd1f43dd4986e3a2b4dab40214233f35e2b,60f9fc84b04fbe22a02a54353f370581e106cb80cf20a4762c482d873c2b4530,319.2517332049465,315.02879339472474,323.64879262758586,322.9395852736834,315.70042826500867,0
32,4,0.28,0.7,posterior_triggered,periodic_nominal,weak_user_outage_delta,10,20261031,10000,3,903fc0a2bbb79f083251d0b905a6dcd1f43dd4986e3a2b4dab40214233f35e2b,60f9fc84b04fbe22a02a54353f370581e106cb80cf20a4762c482d873c2b4530,0.0,0.0,0.0,0.0,0.0,0
32,4,0.28,0.7,posterior_triggered,periodic_nominal,goodput_relative_delta,10,20261031,10000,3,903fc0a2bbb79f083251d0b905a6dcd1f43dd4986e3a2b4dab40214233f35e2b,60f9fc84b04fbe22a02a54353f370581e106cb80cf20a4762c482d873c2b4530,0.0008059539432570872,-0.00234375,0.003955755530558669,0.003937007874015741,-0.002325197631546061,0
32,4,0.28,0.7,posterior_triggered,periodic_nominal,rate_evaluations_reduction,10,20261031,10000,3,903fc0a2bbb79f083251d0b905a6dcd1f43dd4986e3a2b4dab40214233f35e2b,60f9fc84b04fbe22a02a54353f370581e106cb80cf20a4762c482d873c2b4530,0.10009765625,0.031298828125,0.17529296875,0.1626953125,0.043603515625,0
32,4,0.28,0.7,posterior_triggered,periodic_nominal,total_latency_p95_delta,10,20261031,10000,3,903fc0a2bbb79f083251d0b905a6dcd1f43dd4986e3a2b4dab40214233f35e2b,60f9fc84b04fbe22a02a54353f370581e106cb80cf20a4762c482d873c2b4530,168.34967709048215,163.81593100050122,172.66323790817842,171.95380935833782,164.47712907221648,0
32,4,0.28,0.98,posterior_triggered,periodic_risk,weak_user_outage_delta,10,20261031,10000,3,903fc0a2bbb79f083251d0b905a6dcd1f43dd4986e3a2b4dab40214233f35e2b,60f9fc84b04fbe22a02a54353f370581e106cb80cf20a4762c482d873c2b4530,-0.00625,-0.01875,0.0,0.0,-0.01875,0
32,4,0.28,0.98,posterior_triggered,periodic_risk,goodput_relative_delta,10,20261031,10000,3,903fc0a2bbb79f083251d0b905a6dcd1f43dd4986e3a2b4dab40214233f35e2b,60f9fc84b04fbe22a02a54353f370581e106cb80cf20a4762c482d873c2b4530,0.0008683531746031647,-0.006957147817460334,0.00799940476190475,0.0071806547619047475,-0.0054439484126984185,0
32,4,0.28,0.98,posterior_triggered,periodic_risk,rate_evaluations_reduction,10,20261031,10000,3,903fc0a2bbb79f083251d0b905a6dcd1f43dd4986e3a2b4dab40214233f35e2b,60f9fc84b04fbe22a02a54353f370581e106cb80cf20a4762c482d873c2b4530,-0.2693359375,-0.34453125,-0.200439453125,-0.212841796875,-0.331982421875,0
32,4,0.28,0.98,posterior_triggered,periodic_risk,total_latency_p95_delta,10,20261031,10000,3,903fc0a2bbb79f083251d0b905a6dcd1f43dd4986e3a2b4dab40214233f35e2b,60f9fc84b04fbe22a02a54353f370581e106cb80cf20a4762c482d873c2b4530,317.067224349812,314.625298053611,320.5634763390699,319.9760543641478,314.87388231054865,0
32,4,0.28,0.98,posterior_triggered,always_risk,weak_user_outage_delta,10,20261031,10000,3,903fc0a2bbb79f083251d0b905a6dcd1f43dd4986e3a2b4dab40214233f35e2b,60f9fc84b04fbe22a02a54353f370581e106cb80cf20a4762c482d873c2b4530,0.0,0.0,0.0,0.0,0.0,0
32,4,0.28,0.98,posterior_triggered,always_risk,goodput_relative_delta,10,20261031,10000,3,903fc0a2bbb79f083251d0b905a6dcd1f43dd4986e3a2b4dab40214233f35e2b,60f9fc84b04fbe22a02a54353f370581e106cb80cf20a4762c482d873c2b4530,0.0008943596012191968,-0.007025098425196852,0.009689722504444997,0.008121070929641849,-0.0061526959772669546,0
32,4,0.28,0.98,posterior_triggered,always_risk,rate_evaluations_reduction,10,20261031,10000,3,903fc0a2bbb79f083251d0b905a6dcd1f43dd4986e3a2b4dab40214233f35e2b,60f9fc84b04fbe22a02a54353f370581e106cb80cf20a4762c482d873c2b4530,0.36533203125,0.3277099609375,0.399755859375,0.3935546875,0.333984375,0
32,4,0.28,0.98,posterior_triggered,always_risk,total_latency_p95_delta,10,20261031,10000,3,903fc0a2bbb79f083251d0b905a6dcd1f43dd4986e3a2b4dab40214233f35e2b,60f9fc84b04fbe22a02a54353f370581e106cb80cf20a4762c482d873c2b4530,317.10634058985306,314.69521834287025,320.6833718997832,320.05083665638267,314.9095555259137,0
32,4,0.28,0.98,posterior_triggered,periodic_nominal,weak_user_outage_delta,10,20261031,10000,3,903fc0a2bbb79f083251d0b905a6dcd1f43dd4986e3a2b4dab40214233f35e2b,60f9fc84b04fbe22a02a54353f370581e106cb80cf20a4762c482d873c2b4530,-0.021875,-0.053125,0.0,0.0,-0.046875,0
32,4,0.28,0.98,posterior_triggered,periodic_nominal,goodput_relative_delta,10,20261031,10000,3,903fc0a2bbb79f083251d0b905a6dcd1f43dd4986e3a2b4dab40214233f35e2b,60f9fc84b04fbe22a02a54353f370581e106cb80cf20a4762c482d873c2b4530,0.006527749444871711,-0.0031002008537995306,0.017007829964532383,0.015362210740542519,-0.002135981096875085,0
32,4,0.28,0.98,posterior_triggered,periodic_nominal,rate_evaluations_reduction,10,20261031,10000,3,903fc0a2bbb79f083251d0b905a6dcd1f43dd4986e3a2b4dab40214233f35e2b,60f9fc84b04fbe22a02a54353f370581e106cb80cf20a4762c482d873c2b4530,-0.2693359375,-0.344580078125,-0.200390625,-0.212841796875,-0.33203125,0
32,4,0.28,0.98,posterior_triggered,periodic_nominal,total_latency_p95_delta,10,20261031,10000,3,903fc0a2bbb79f083251d0b905a6dcd1f43dd4986e3a2b4dab40214233f35e2b,60f9fc84b04fbe22a02a54353f370581e106cb80cf20a4762c482d873c2b4530,165.37818851924385,162.78335245462495,168.95198315932794,168.34964676512755,163.06204550172333,0
