ris_elements,users,error_scale,temporal_rho,controller,weak_user_index,weak_user_reference_mean_rate,independent_seed_blocks,rows_per_seed_block,analysis_seed,bootstrap_draws,config_sha256,effective_config_sha256,sum_rate,sum_rate_ci_low,sum_rate_ci_high,p05_user_rate,p05_user_rate_ci_low,p05_user_rate_ci_high,acceptance_rate,acceptance_rate_ci_low,acceptance_rate_ci_high,rejection_rate,rejection_rate_ci_low,rejection_rate_ci_high,goodput_bps,goodput_bps_ci_low,goodput_bps_ci_high,service_violation_rate,service_violation_rate_ci_low,service_violation_rate_ci_high,weak_user_outage,weak_user_outage_ci_low,weak_user_outage_ci_high,weak_user_outage_upper95,refresh_rate,refresh_rate_ci_low,refresh_rate_ci_high,candidate_evaluations,candidate_evaluations_ci_low,candidate_evaluations_ci_high,rate_evaluations,rate_evaluations_ci_low,rate_evaluations_ci_high,decision_ms,decision_ms_ci_low,decision_ms_ci_high,guard_attempt_rate,guard_attempt_rate_ci_low,guard_attempt_rate_ci_high,guard_pass_rate,guard_pass_rate_ci_low,guard_pass_rate_ci_high,guard_escalation_rate,guard_escalation_rate_ci_low,guard_escalation_rate_ci_high,guard_rate_evaluations,guard_rate_evaluations_ci_low,guard_rate_evaluations_ci_high,estimation_latency_ms_p50,estimation_latency_ms_p50_ci_low,estimation_latency_ms_p50_ci_high,estimation_latency_ms_p95,estimation_latency_ms_p95_ci_low,estimation_latency_ms_p95_ci_high,estimation_latency_ms_p99,estimation_latency_ms_p99_ci_low,estimation_latency_ms_p99_ci_high,estimation_latency_ms_max,estimation_latency_ms_max_ci_low,estimation_latency_ms_max_ci_high,search_latency_ms_p50,search_latency_ms_p50_ci_low,search_latency_ms_p50_ci_high,search_latency_ms_p95,search_latency_ms_p95_ci_low,search_latency_ms_p95_ci_high,search_latency_ms_p99,search_latency_ms_p99_ci_low,search_latency_ms_p99_ci_high,search_latency_ms_max,search_latency_ms_max_ci_low,search_latency_ms_max_ci_high,validation_latency_ms_p50,validation_latency_ms_p50_ci_low,validation_latency_ms_p50_ci_high,validation_latency_ms_p95,validation_latency_ms_p95_ci_low,validation_latency_ms_p95_ci_high,validation_latency_ms_p99,validation_latency_ms_p99_ci_low,validation_latency_ms_p99_ci_high,validation_latency_ms_max,validation_latency_ms_max_ci_low,validation_latency_ms_max_ci_high,total_latency_ms_p50,total_latency_ms_p50_ci_low,total_latency_ms_p50_ci_high,total_latency_ms_p95,total_latency_ms_p95_ci_low,total_latency_ms_p95_ci_high,total_latency_ms_p99,total_latency_ms_p99_ci_low,total_latency_ms_p99_ci_high,total_latency_ms_max,total_latency_ms_max_ci_low,total_latency_ms_max_ci_high
16,2,0.12,0.7,posterior_triggered,0,5.296275060911499,10,32,20261031,10000,903fc0a2bbb79f083251d0b905a6dcd1f43dd4986e3a2b4dab40214233f35e2b,60f9fc84b04fbe22a02a54353f370581e106cb80cf20a4762c482d873c2b4530,9.974050373633583,9.61274204285647,10.356813199125506,3.425025146548993,3.1850446228454214,3.6677682464212196,1.0,1.0,1.0,0.0,0.0,0.0,1000000.0,1000000.0,1000000.0,0.0,0.0,0.0,0.0,0.0,0.0,0.0,0.25,0.25,0.25,8.75,8.75,8.75,32.75,32.75,32.75,19.731465306358587,17.536542628680536,24.055207144733117,0.75,0.75,0.75,1.0,1.0,1.0,0.0,0.0,0.0,0.75,0.75,0.75,16.355045851014438,16.31790454421207,16.408215439460037,45.61903429490485,27.96630551245562,79.20264008377671,48.68132662350399,29.440266280759534,83.71313996133249,49.66899090213701,29.828968744441227,84.77285810222384,5.501089099197998,5.4529422949326545,5.5430830903605965,53.96522785475099,53.894966350293544,54.04761870621314,101.62349827873558,54.14985319565858,196.1203702903903,123.00455580261769,54.211239062078675,259.9653957434566,4.888291349561769,4.8815489093794895,4.8950514513762755,5.028757354848494,4.972852814234102,5.090379240932634,5.360584026500874,5.005790471196088,5.962593826723971,5.488796399004059,5.018642103568709,6.3135844776297745,27.308538298893836,27.266679569866028,27.36416991524493,99.49663427447376,86.86359806597738,124.3862628991119,151.0899770800098,87.85483369765079,246.86383429142836,173.94296690035844,88.2483925784436,311.99302505676314
16,2,0.12,0.7,periodic_risk,0,5.296275060911499,10,32,20261031,10000,903fc0a2bbb79f083251d0b905a6dcd1f43dd4986e3a2b4dab40214233f35e2b,60f9fc84b04fbe22a02a54353f370581e106cb80cf20a4762c482d873c2b4530,10.32907173519083,10.00209541957363,10.689127939366687,3.531802359745261,3.3004728484612005,3.764245318127604,1.0,1.0,1.0,0.0,0.0,0.0,1000000.0,1000000.0,1000000.0,0.0,0.0,0.0,0.0,0.0,0.0,0.0,0.5,0.5,0.5,16.0,16.0,16.0,64.0,64.0,64.0,28.848150284329677,28.724191387273663,29.013031060737262,0.0,0.0,0.0,0.0,0.0,0.0,0.0,0.0,0.0,0.0,0.0,0.0,0.0,0.0,0.0,0.0,0.0,0.0,0.0,0.0,0.0,0.0,0.0,0.0,28.390869200302404,28.35132679124399,28.42000765157536,58.26755666996178,57.97288655630382,58.75339519010595,60.527238803835644,58.371198211604316,63.482678636202216,61.459592200117186,58.48150180034281,65.44957928494114,4.822219999914523,4.808211600720824,4.835678010185802,4.969677640510781,4.939132217320548,5.0067071805106025,5.128308477171231,4.962855369477984,5.386559997902622,5.189270999835571,4.968909516974236,5.531394898789586,33.536960150377126,33.43854565100628,33.69804449123876,63.239645599569485,62.941848120607574,63.73334732584135,65.54350938386779,63.35187911544999,68.47909590788713,66.49058530019829,63.50374117735555,70.64516236565396
16,2,0.12,0.7,always_risk,0,5.296275060911499,10,32,20261031,10000,903fc0a2bbb79f083251d0b905a6dcd1f43dd4986e3a2b4dab40214233f35e2b,60f9fc84b04fbe22a02a54353f370581e106cb80cf20a4762c482d873c2b4530,10.65673608457023,10.383666419695349,10.917994917396523,3.7696776750393255,3.5957937179313224,3.9329602069440037,1.0,1.0,1.0,0.0,0.0,0.0,1000000.0,1000000.0,1000000.0,0.0,0.0,0.0,0.0,0.0,0.0,0.0,1.0,1.0,1.0,32.0,32.0,32.0,128.0,128.0,128.0,57.11457344079918,57.08083102706098,57.14688719263677,0.0,0.0,0.0,0.0,0.0,0.0,0.0,0.0,0.0,0.0,0.0,0.0,0.0,0.0,0.0,0.0,0.0,0.0,0.0,0.0,0.0,0.0,0.0,0.0,57.070095151357236,57.03039803180218,57.11012952431702,57.59662069052865,57.5267136859311,57.659658956035855,57.83480749985756,57.77845539699611,57.89304327386181,57.905316101096105,57.81214618482409,58.001085082978534,4.697587250848301,4.688673423497676,4.70877487294274,4.76515838639898,4.748222967318725,4.785004052598197,4.806793529547576,4.779049756414315,4.837528342245969,4.8177285003475845,4.7863676216366,4.852004737349489,61.95897534998949,61.911988049268984,62.00252155067574,62.499186899804045,62.425271779492505,62.57238655092442,62.79197178196773,62.743925032140396,62.84635368321524,62.88250040015555,62.8063214778922,62.96475358263706
16,2,0.12,0.7,periodic_nominal,0,5.296275060911499,10,32,20261031,10000,903fc0a2bbb79f083251d0b905a6dcd1f43dd4986e3a2b4dab40214233f35e2b,60f9fc84b04fbe22a02a54353f370581e106cb80cf20a4762c482d873c2b4530,10.784943989579592,10.51515967300092,11.055521620915027,3.799473525698487,3.6604715607363767,3.946764294939932,1.0,1.0,1.0,0.0,0.0,0.0,1000000.0,1000000.0,1000000.0,0.0,0.0,0.0,0.0,0.0,0.0,0.0,0.5,0.5,0.5,64.0,64.0,64.0,64.0,64.0,64.0,105.15143692189213,104.76518997012704,105.76016740133639,0.0,0.0,0.0,0.0,0.0,0.0,0.0,0.0,0.0,0.0,0.0,0.0,0.0,0.0,0.0,0.0,0.0,0.0,0.0,0.0,0.0,0.0,0.0,0.0,104.12992389901774,104.04702001014812,104.21264699834865,211.5111460805565,210.33525948026454,212.9688033786715,218.166251852781,211.84021046458128,228.35846282113525,220.85968579776818,212.28851891990416,234.7282036174147,4.8438105503009865,4.825266180769177,4.860525147769295,5.719266319174494,5.516571401123656,5.878332073579259,5.997089706695988,5.814774181397297,6.185550795293421,6.083180798304966,5.908271363514359,6.283255162652495,109.74563410090923,109.61828224962119,109.87554708793141,216.50979363930674,215.28586665364492,218.03184201395106,223.26142561244342,216.8091503492282,233.3389885897388,225.9867092987406,217.25086047339573,239.98626831544243
16,2,0.12,0.98,posterior_triggered,0,5.143519411450962,10,32,20261031,10000,903fc0a2bbb79f083251d0b905a6dcd1f43dd4986e3a2b4dab40214233f35e2b,60f9fc84b04fbe22a02a54353f370581e106cb80cf20a4762c482d873c2b4530,9.87948136725641,9.513530909934293,10.235058657865922,3.248713474660401,2.873069731131942,3.631290637435795,1.0,1.0,1.0,0.0,0.0,0.0,1000000.0,1000000.0,1000000.0,0.0,0.0,0.0,0.0,0.0,0.0,0.0,0.25,0.25,0.25,8.75,8.75,8.75,32.75,32.75,32.75,17.57421503466503,17.548399897416402,17.603579458518084,0.75,0.75,0.75,1.0,1.0,1.0,0.0,0.0,0.0,0.75,0.75,0.75,16.34528384929581,16.3057948655387,16.38996991093336,27.61729038480553,27.506063457783057,27.731772644900957,28.83228887192672,27.931322497820474,29.909921034378755,29.326899699663045,28.016856919894053,30.909668866952412,5.495335450905259,5.466459441558982,5.528310877371041,54.03092456570448,53.92574928124759,54.13959895726566,54.308715214399854,54.13048576766541,54.50495086934443,54.39614470014931,54.202766524304025,54.611944834741735,4.877811150072375,4.8693067385920585,4.8867272170537035,4.971343610632175,4.95769687961274,4.985747478414851,5.121214135149785,5.026703229525265,5.230708398488969,5.1865284993255045,5.051813545651385,5.341413743026351,27.31439435010543,27.256564990057086,27.397482864935228,86.88854014621029,86.71493749673391,87.08229231625774,87.69147421224625,87.1694869892186,88.31789828215224,88.00631259873626,87.27149029946304,88.87745955740684
16,2,0.12,0.98,periodic_risk,0,5.143519411450962,10,32,20261031,10000,903fc0a2bbb79f083251d0b905a6dcd1f43dd4986e3a2b4dab40214233f35e2b,60f9fc84b04fbe22a02a54353f370581e106cb80cf20a4762c482d873c2b4530,10.699409815079322,10.530070799537665,10.868146466686591,3.5284838946837143,3.220746829549375,3.8064695740454533,1.0,1.0,1.0,0.0,0.0,0.0,1000000.0,1000000.0,1000000.0,0.0,0.0,0.0,0.0,0.0,0.0,0.0,0.5,0.5,0.5,16.0,16.0,16.0,64.0,64.0,64.0,28.702258146677195,28.68922124699168,28.7126238263113,0.0,0.0,0.0,0.0,0.0,0.0,0.0,0.0,0.0,0.0,0.0,0.0,0.0,0.0,0.0,0.0,0.0,0.0,0.0,0.0,0.0,0.0,0.0,0.0,28.321699850494042,28.276751981438792,28.37044646013055,58.03018443955807,57.930048464477295,58.13269305146878,58.592854975373484,58.361473512019984,58.801424032346404,58.76459199935198,58.47726380190579,59.01605295997797,4.802585750076105,4.79270861121222,4.813749269951586,4.9413746398931835,4.92437322303158,4.962531454912096,4.990202247325215,4.958327379471302,5.031085438220543,5.007850298716221,4.970599898642831,5.054934711079113,33.34970875075669,33.30827120116737,33.39508581141672,62.99685853020492,62.88889044791995,63.099549479292364,63.60047809397656,63.34944435016405,63.82690240228239,63.79071129849763,63.491834516225936,64.07304079695678
16,2,0.12,0.98,always_risk,0,5.143519411450962,10,32,20261031,10000,903fc0a2bbb79f083251d0b905a6dcd1f43dd4986e3a2b4dab40214233f35e2b,60f9fc84b04fbe22a02a54353f370581e106cb80cf20a4762c482d873c2b4530,10.522858291704225,10.117183059095273,10.810787152047714,3.6609593744815827,3.327822965944718,3.9763127039609647,1.0,1.0,1.0,0.0,0.0,0.0,1000000.0,1000000.0,1000000.0,0.0,0.0,0.0,0.0,0.0,0.0,0.0,1.0,1.0,1.0,32.0,32.0,32.0,128.0,128.0,128.0,57.108665646660484,57.06073245310279,57.162202056247224,0.0,0.0,0.0,0.0,0.0,0.0,0.0,0.0,0.0,0.0,0.0,0.0,0.0,0.0,0.0,0.0,0.0,0.0,0.0,0.0,0.0,0.0,0.0,0.0,57.05728714965517,57.01512584667398,57.100227339014964,57.67391850036802,57.59792655441379,57.750341874382684,57.91883432021859,57.73776458903158,58.11876428165287,57.997800898738205,57.77077135397121,58.26481349626192,4.68970844958676,4.686324399153818,4.69271325234331,4.759557239667629,4.740123272496021,4.782522550994145,4.849077810125891,4.780881215232512,4.946746932869428,4.883252798754256,4.790821918377333,5.018766872217384,61.93686459919263,61.89070937643919,61.98208568956943,62.590454005148786,62.51463560809134,62.66459149909315,62.87737212114007,62.67814702555843,63.09789370254293,62.97079930154723,62.715021985841304,63.26785617884525
16,2,0.12,0.98,periodic_nominal,0,5.143519411450962,10,32,20261031,10000,903fc0a2bbb79f083251d0b905a6dcd1f43dd4986e3a2b4dab40214233f35e2b,60f9fc84b04fbe22a02a54353f370581e106cb80cf20a4762c482d873c2b4530,10.799501681694633,10.447993214562139,11.120573850352702,3.77204655363854,3.4572185399435553,4.096027740606093,1.0,1.0,1.0,0.0,0.0,0.0,1000000.0,1000000.0,1000000.0,0.0,0.0,0.0,0.0,0.0,0.0,0.0,0.5,0.5,0.5,64.0,64.0,64.0,64.0,64.0,64.0,104.68697678425087,104.58840153961489,104.80227680879182,0.0,0.0,0.0,0.0,0.0,0.0,0.0,0.0,0.0,0.0,0.0,0.0,0.0,0.0,0.0,0.0,0.0,0.0,0.0,0.0,0.0,0.0,0.0,0.0,104.14633689943003,104.01583998962451,104.27479350000795,210.2451522791307,209.97358192817956,210.54907320413895,211.50638901618368,210.53974071906958,213.10027882564881,211.9889587003854,210.70318889976988,214.09978293457243,4.822608599351952,4.806822649316018,4.839961321167721,5.606200683796487,5.336004853452323,5.878458498874352,5.825329732120736,5.508468059777078,6.119547509311815,5.886745599855203,5.552689698924951,6.198994215646962,109.67555124989303,109.37735020084801,109.95003952126353,215.2182896492377,214.91660102721926,215.5384433294239,216.5326802378113,215.51915998409604,218.18813308401877,217.02735660001053,215.68285477556856,219.2615721191214
16,2,0.28,0.7,posterior_triggered,0,4.208909984974026,10,32,20261031,10000,903fc0a2bbb79f083251d0b905a6dcd1f43dd4986e3a2b4dab40214233f35e2b,60f9fc84b04fbe22a02a54353f370581e106cb80cf20a4762c482d873c2b4530,7.389236014450576,7.038419757793171,7.82205875217134,1.99668359896902,1.735850326137115,2.3029528465745455,1.0,1.0,1.0,0.0,0.0,0.0,998437.5,995312.5,1000000.0,0.0015625,0.0,0.0046875,0.0,0.0,0.0,0.0,0.265625,0.253125,0.278125,9.25,8.85,9.65,34.75,33.15,36.35,18.39547382191995,17.73829614320448,19.087410359518344,0.75,0.75,0.75,0.9791666666666667,0.9625,0.9958333333333333,0.015625,0.003125,0.028125,0.75,0.75,0.75,16.363004099184764,16.332927581870536,16.394207214607377,27.57783087556163,27.519557093549338,27.63984120969053,28.14497602891788,27.785171557885587,28.786503631219784,28.363753599842312,27.84469124613679,29.30661764301476,5.496143450363888,5.457287998269749,5.536566706205122,54.298083571266034,54.05799022872361,54.68134976499732,55.505835009178554,54.58109445287719,56.478947711717225,55.916014298418304,54.72779165042084,57.128281064633484,4.882766400260152,4.876347000017631,4.889488209228148,4.982087568823772,4.961228184038191,5.009188024629111,5.497965224174551,5.022270866280269,6.368962608245785,5.720102698978735,5.041302121717308,6.971551780625305,27.32768099886016,27.25879537961191,27.39218491572501,86.80700247012282,86.67842212065989,86.95339952527229,87.49743809735082,87.07909500805127,88.18429636513847,87.77441730053397,87.17952867671556,88.79931631665386
16,2,0.28,0.7,periodic_risk,0,4.208909984974026,10,32,20261031,10000,903fc0a2bbb79f083251d0b905a6dcd1f43dd4986e3a2b4dab40214233f35e2b,60f9fc84b04fbe22a02a54353f370581e106cb80cf20a4762c482d873c2b4530,7.859853777424467,7.402976355281465,8.28263792987446,1.9573004090161725,1.7365022272987642,2.189451248675368,1.0,1.0,1.0,0.0,0.0,0.0,1000000.0,1000000.0,1000000.0,0.0,0.0,0.0,0.0,0.0,0.0,0.0,0.5,0.5,0.5,16.0,16.0,16.0,64.0,64.0,64.0,28.69186664040626,28.64899480228246,28.746186941666565,0.0,0.0,0.0,0.0,0.0,0.0,0.0,0.0,0.0,0.0,0.0,0.0,0.0,0.0,0.0,0.0,0.0,0.0,0.0,0.0,0.0,0.0,0.0,0.0,28.343351450166665,28.30910163417684,28.383989510193715,57.96467863416183,57.842926461637944,58.12541215510282,58.32192150288756,58.086393165783555,58.61192876578498,58.41939219899359,58.148632199299755,58.74084258071889,4.828237449328299,4.81663094869873,4.839809379136568,5.0169113956872025,4.954458516644081,5.08657202579343,5.1973784587025875,5.062549699431474,5.353039000807621,5.2456271994742565,5.082125579920103,5.433798261419724,33.49890340032289,33.41365292983937,33.606923788693166,62.96248829556134,62.83764812658319,63.131663995482086,63.315160931888386,63.07156252296463,63.6017887401289,63.405824399524136,63.13029403989276,63.74371295753008
16,2,0.28,0.7,always_risk,0,4.208909984974026,10,32,20261031,10000,903fc0a2bbb79f083251d0b905a6dcd1f43dd4986e3a2b4dab40214233f35e2b,60f9fc84b04fbe22a02a54353f370581e106cb80cf20a4762c482d873c2b4530,8.638101014353854,8.391511014842447,8.901068089918938,2.2810371097570403,2.090277923038844,2.458875884496542,1.0,1.0,1.0,0.0,0.0,0.0,1000000.0,1000000.0,1000000.0,0.0,0.0,0.0,0.0,0.0,0.0,0.0,1.0,1.0,1.0,32.0,32.0,32.0,128.0,128.0,128.0,57.24705359998552,57.17750841626582,57.32711960547988,0.0,0.0,0.0,0.0,0.0,0.0,0.0,0.0,0.0,0.0,0.0,0.0,0.0,0.0,0.0,0.0,0.0,0.0,0.0,0.0,0.0,0.0,0.0,0.0,57.18917410049471,57.12964536189247,57.26649943724624,57.81919887052936,57.67868911495316,58.00657560624222,58.24522004307073,57.93885492520858,58.600536702366114,58.39204459844041,58.012660761578445,58.82687312219787,4.706233650358627,4.701028697181755,4.711977803845002,4.79240988890524,4.778436035780032,4.804961062119219,4.865991062906687,4.8350881533453505,4.904666266651657,4.892171400570078,4.849072795605025,4.948745542787947,62.08238070103107,62.023824692396374,62.16109585138838,62.758240585171734,62.60613932623346,62.95666913175046,63.20576413521485,62.881262194656486,63.5934821336572,63.36580430142931,62.96664497593156,63.8387983589746
16,2,0.28,0.7,periodic_nominal,0,4.208909984974026,10,32,20261031,10000,903fc0a2bbb79f083251d0b905a6dcd1f43dd4986e3a2b4dab40214233f35e2b,60f9fc84b04fbe22a02a54353f370581e106cb80cf20a4762c482d873c2b4530,7.961997778668559,7.590137556697917,8.373019409489348,1.805035682119215,1.636869036083714,1.9814186522601998,1.0,1.0,1.0,0.0,0.0,0.0,998437.5,995312.5,1000000.0,0.0015625,0.0,0.0046875,0.003125,0.0,0.009375,0.009375,0.5,0.5,0.5,64.0,64.0,64.0,64.0,64.0,64.0,104.83624573137149,104.72814449711393,104.96230102087566,0.0,0.0,0.0,0.0,0.0,0.0,0.0,0.0,0.0,0.0,0.0,0.0,0.0,0.0,0.0,0.0,0.0,0.0,0.0,0.0,0.0,0.0,0.0,0.0,104.20095695117197,104.0927872618795,104.30861101281153,210.63035372393642,210.28693139036113,211.00489582779755,211.88278887318302,210.8118508791522,213.36088311760105,212.3488465011178,210.95482182470732,214.37061486312814,4.842847349209478,4.826226017721638,4.858743454224168,5.836773800547235,5.677978754426476,6.049341648496011,11.577266469590551,6.048791169398646,22.443879386359214,14.093924899498234,6.1418596796102065,29.7743836027621,113.8475756491971,109.84603426428293,121.70541700744252,215.61606535015017,215.24328560489084,216.0097397690315,216.9132079116098,215.80842923848613,218.46295153877617,217.38887029932812,215.9190080951339,219.45922629893175
16,2,0.28,0.98,posterior_triggered,1,4.315720527199448,10,32,20261031,10000,903fc0a2bbb79f083251d0b905a6dcd1f43dd4986e3a2b4dab40214233f35e2b,60f9fc84b04fbe22a02a54353f370581e106cb80cf20a4762c482d873c2b4530,7.484822038410178,6.993631037166571,8.042984498043735,2.010992299714096,1.752028231358987,2.2225706419346882,1.0,1.0,1.0,0.0,0.0,0.0,1000000.0,1000000.0,1000000.0,0.0,0.0,0.0,0.0,0.0,0.0,0.0,0.275,0.259375,0.29375,9.55,9.05,10.15,35.95,33.95,37.95,18.928684759066527,18.06588456752479,19.862878758544866,0.75,0.75,0.75,0.9666666666666666,0.9416666666666668,0.9875,0.025,0.009375,0.04375,0.75,0.75,0.75,16.339651748421602,16.3087152450953,16.3723655683134,27.606932299386244,27.558175128720904,27.651248400115946,29.008207607133954,27.901911932328584,30.752716726933983,29.59433799915132,27.970275636307633,32.18136310049886,5.525607999516069,5.495483862659967,5.552909249308868,54.74720195921691,54.16128790126368,55.40664477292103,56.01563793070818,54.929813987485794,57.13523540883343,56.28758849998121,55.08741149360503,57.49138804027098,4.879076849101693,4.870102112363384,4.88773657009915,4.967725549759052,4.945253785949717,4.996101143260603,5.045750302975648,4.971083168981022,5.149052226102867,5.077646698919125,4.9779393993958365,5.219210961749923,27.346290949208196,27.2743436453311,27.418676528832293,86.78158037921094,86.68263129023762,86.88607076248991,87.43164745791728,87.05383772031345,87.9145623759161,87.6816765012336,87.16867198341788,88.36905207042946
16,2,0.28,0.98,periodic_risk,1,4.315720527199448,10,32,20261031,10000,903fc0a2bbb79f083251d0b905a6dcd1f43dd4986e3a2b4dab40214233f35e2b,60f9fc84b04fbe22a02a54353f370581e106cb80cf20a4762c482d873c2b4530,8.139224095020234,7.648451091191203,8.594077654888213,2.096450433958199,1.740237272588857,2.4289287463499933,1.0,1.0,1.0,0.0,0.0,0.0,1000000.0,1000000.0,1000000.0,0.0,0.0,0.0,0.0,0.0,0.0,0.0,0.5,0.5,0.5,16.0,16.0,16.0,64.0,64.0,64.0,28.81187481239067,28.695309510813445,28.983459060454493,0.0,0.0,0.0,0.0,0.0,0.0,0.0,0.0,0.0,0.0,0.0,0.0,0.0,0.0,0.0,0.0,0.0,0.0,0.0,0.0,0.0,0.0,0.0,0.0,28.356766049182625,28.31531965072827,28.396672771386875,58.39275450900459,58.020361620468066,58.913627796806395,59.73402245925536,58.360422060194104,61.96370298095189,60.216687499632826,58.4493129200564,63.062889618176996,4.8170853002375225,4.802892789666657,4.83225365911494,4.962605520631769,4.929789358013295,5.007690665172049,5.040565972631157,4.975577812318806,5.114397757021834,5.063672102551209,4.9880031253997,5.14477148260994,33.43347345107759,33.3632225126712,33.51849909766315,63.38941954054462,63.01006548350688,63.912889396654464,64.78994735451124,63.3845291397145,67.12675117449544,65.3004334992147,63.477481386034924,68.2572373963194
16,2,0.28,0.98,always_risk,1,4.315720527199448,10,32,20261031,10000,903fc0a2bbb79f083251d0b905a6dcd1f43dd4986e3a2b4dab40214233f35e2b,60f9fc84b04fbe22a02a54353f370581e106cb80cf20a4762c482d873c2b4530,8.789372514449537,8.380664347551575,9.24724323188016,2.1801713919051444,1.8528475975090355,2.53002374707767,1.0,1.0,1.0,0.0,0.0,0.0,1000000.0,1000000.0,1000000.0,0.0,0.0,0.0,0.0,0.0,0.0,0.0,1.0,1.0,1.0,32.0,32.0,32.0,128.0,128.0,128.0,57.21698159366042,57.16185833247607,57.26987706836155,0.0,0.0,0.0,0.0,0.0,0.0,0.0,0.0,0.0,0.0,0.0,0.0,0.0,0.0,0.0,0.0,0.0,0.0,0.0,0.0,0.0,0.0,0.0,0.0,57.155874249656335,57.107970959441445,57.20159561321452,57.75233236410713,57.62087216071359,57.881687523543405,58.48506344544148,58.147466500626436,58.89526073292454,58.76584300058312,58.314505490561714,59.31257880220073,4.700404800314573,4.6957261225452385,4.705421037069755,4.787246921368933,4.766685188125848,4.810435012002927,4.8523560038156575,4.8211235232955,4.886057882629939,4.875198197987629,4.837593745887716,4.914546157615405,62.05457375108381,62.004280000473955,62.10226588383193,62.69606055444456,62.556650163000995,62.830308098564274,63.44571129018004,63.089755949959724,63.87781827324416,63.728822200209834,63.26022018929507,64.32133009710014
16,2,0.28,0.98,periodic_nominal,1,4.315720527199448,10,32,20261031,10000,903fc0a2bbb79f083251d0b905a6dcd1f43dd4986e3a2b4dab40214233f35e2b,60f9fc84b04fbe22a02a54353f370581e106cb80cf20a4762c482d873c2b4530,8.575511533634971,8.025899925772032,9.204822011431435,2.1175802227426423,1.6024500881799886,2.6446431090000666,1.0,1.0,1.0,0.0,0.0,0.0,1000000.0,1000000.0,1000000.0,0.0,0.0,0.0,0.0,0.0,0.0,0.0,0.5,0.5,0.5,64.0,64.0,64.0,64.0,64.0,64.0,104.84885600294547,104.76313197547427,104.92473038308162,0.0,0.0,0.0,0.0,0.0,0.0,0.0,0.0,0.0,0.0,0.0,0.0,0.0,0.0,0.0,0.0,0.0,0.0,0.0,0.0,0.0,0.0,0.0,0.0,104.24322329999995,104.1634545188208,104.34438595332722,210.86421640495246,210.51924794537626,211.30329446554242,211.3529749204681,210.97839773078903,211.8052399638671,211.50671969953692,211.1257397071313,211.94308610476583,4.841511349877692,4.8309319359486835,4.851223830210074,5.454954488704971,5.227184447182481,5.674121834895232,5.699513630301226,5.36309011376361,6.030328281148286,5.75454479912878,5.397373699815944,6.092005301870813,109.70495819929056,109.49340482800835,109.90518882486867,215.8565701356565,215.47989442250764,216.31123063429823,216.33397118934954,215.94909446068922,216.77564073984522,216.48599680120242,216.10687392509135,216.91814664365666
16,4,0.12,0.7,posterior_triggered,2,1.933226278575922,10,32,20261031,10000,903fc0a2bbb79f083251d0b905a6dcd1f43dd4986e3a2b4dab40214233f35e2b,60f9fc84b04fbe22a02a54353f370581e106cb80cf20a4762c482d873c2b4530,6.894034980123633,6.716100015274124,7.097519280567985,1.021185947078474,0.9804536252483487,1.0677809810514487,1.0,1.0,1.0,0.0,0.0,0.0,2000000.0,2000000.0,2000000.0,0.0,0.0,0.0,0.0,0.0,0.0,0.0,0.253125,0.25,0.259375,8.85,8.75,9.05,33.15,32.75,33.95,18.168261493929094,17.97513822049723,18.508662117203016,0.75,0.75,0.75,0.9958333333333333,0.9875,1.0,0.003125,0.0,0.009375,0.75,0.75,0.75,35.068871450130246,35.038225891057664,35.102878717943895,58.57492321047175,57.44453816225996,59.72005044452089,60.98898749012733,59.29502020054406,62.712262521475715,61.75297970039537,59.797469846798776,63.63098603163962,5.779012400307693,5.747027180113946,5.811234050379426,54.85205690984003,54.71281968917356,55.02267754271816,55.623621272658056,55.06334246617862,56.36008848529036,55.922405100864125,55.186187964791316,56.85136218344269,5.141156550234882,5.128072983079619,5.155756814965571,5.265397504736029,5.232183158386761,5.304419675048848,5.79200687314733,5.329313306163567,6.626661268914179,6.017650200374192,5.351207882376912,7.206586996380793,46.66082319963607,46.61251844954677,46.711983948989655,118.75799554472906,117.68336921565606,119.85522889466029,121.1755632567947,119.43174710528547,122.92544341189605,121.96043839940103,119.92330811266584,123.99622322374853
16,4,0.12,0.7,periodic_risk,2,1.933226278575922,10,32,20261031,10000,903fc0a2bbb79f083251d0b905a6dcd1f43dd4986e3a2b4dab40214233f35e2b,60f9fc84b04fbe22a02a54353f370581e106cb80cf20a4762c482d873c2b4530,7.409174263043329,7.1665903189880416,7.67616112610248,1.0475014808395293,1.0184616793533883,1.0763851419991943,1.0,1.0,1.0,0.0,0.0,0.0,2000000.0,2000000.0,2000000.0,0.0,0.0,0.0,0.0,0.0,0.0,0.0,0.5,0.5,0.5,16.0,16.0,16.0,64.0,64.0,64.0,28.85059547190849,28.801055829355846,28.90002778949679,0.0,0.0,0.0,0.0,0.0,0.0,0.0,0.0,0.0,0.0,0.0,0.0,0.0,0.0,0.0,0.0,0.0,0.0,0.0,0.0,0.0,0.0,0.0,0.0,28.390550699623418,28.346671950012023,28.43123314037257,58.50516271919332,58.38156429686751,58.62349192470356,59.46258234587003,58.93735147960488,60.10505588664928,59.78060620036558,59.04766800113066,60.657684888501535,4.964710198692046,4.954114656156889,4.976812797403909,5.105337730419706,5.092322967113432,5.119921664463618,5.184192786000494,5.138454643893783,5.238833191336743,5.21404250030173,5.150882648340485,5.293013599293772,33.604866751193185,33.55221197996798,33.65863023163001,63.65810789517127,63.519990944872006,63.78490902257272,64.64066084494698,64.11371232957299,65.26879865441533,64.96731730003376,64.24121500172987,65.84886428079699
16,4,0.12,0.7,always_risk,2,1.933226278575922,10,32,20261031,10000,903fc0a2bbb79f083251d0b905a6dcd1f43dd4986e3a2b4dab40214233f35e2b,60f9fc84b04fbe22a02a54353f370581e106cb80cf20a4762c482d873c2b4530,8.04601401027467,7.883788647674689,8.203871801459668,1.1125837697870504,1.0177744149762749,1.196080540598339,1.0,1.0,1.0,0.0,0.0,0.0,1998437.5,1995312.5,2000000.0,0.00078125,0.0,0.00234375,0.003125,0.0,0.009375,0.009375,1.0,1.0,1.0,32.0,32.0,32.0,128.0,128.0,128.0,57.425564078221214,57.346435862677936,57.513255573090305,0.0,0.0,0.0,0.0,0.0,0.0,0.0,0.0,0.0,0.0,0.0,0.0,0.0,0.0,0.0,0.0,0.0,0.0,0.0,0.0,0.0,0.0,0.0,0.0,57.35769380007696,57.28605762771622,57.437347792811124,58.05734540299454,57.957303376261734,58.186782952322574,58.46458340312529,58.30124720597578,58.639716517839226,58.600604801176814,58.38376884066747,58.821140042964544,4.86565239916672,4.854351330350255,4.878282228564785,4.957373584620655,4.932556276788091,4.982592293283233,5.016735520694056,4.979898245846561,5.053977810870128,5.031866899662418,4.9889500991594105,5.074895843627019,62.42084905061347,62.340379688266694,62.51031503140439,63.16764889561455,63.0636874561942,63.30685957933747,63.58442484316765,63.415225715567246,63.76760776578176,63.73166699995636,63.50892592181481,63.95960689742424
16,4,0.12,0.7,periodic_nominal,2,1.933226278575922,10,32,20261031,10000,903fc0a2bbb79f083251d0b905a6dcd1f43dd4986e3a2b4dab40214233f35e2b,60f9fc84b04fbe22a02a54353f370581e106cb80cf20a4762c482d873c2b4530,8.644594147199312,8.325584035713586,9.011079444094388,1.1882542725337377,1.1177730783995468,1.2609171362791758,1.0,1.0,1.0,0.0,0.0,0.0,2000000.0,2000000.0,2000000.0,0.0,0.0,0.0,0.0,0.0,0.0,0.0,0.5,0.5,0.5,64.0,64.0,64.0,64.0,64.0,64.0,105.24761481256064,105.17657067092614,105.32132107233508,0.0,0.0,0.0,0.0,0.0,0.0,0.0,0.0,0.0,0.0,0.0,0.0,0.0,0.0,0.0,0.0,0.0,0.0,0.0,0.0,0.0,0.0,0.0,0.0,104.51936410099734,104.3619850721825,104.67401083081313,211.47894499510585,211.27722452129092,211.68408148538583,212.23704465368792,211.93543208252578,212.5652233378114,212.46252519922564,212.06944721961918,212.92543559975456,5.032649049826432,4.990889662167319,5.099027020905851,5.791539024430676,5.555463909748141,6.016391324590586,6.037789213231008,5.793270964441399,6.255179286470775,6.107898100890452,5.840766900655581,6.327098465844756,110.23894014833786,110.04173025425189,110.45452468045369,216.64473905591876,216.43456594021063,216.85396947207755,217.40471671152045,217.10108003217684,217.74512135857168,217.62898590095574,217.2260486581945,218.10276833908574
16,4,0.12,0.98,posterior_triggered,3,1.742933493212258,10,32,20261031,10000,903fc0a2bbb79f083251d0b905a6dcd1f43dd4986e3a2b4dab40214233f35e2b,60f9fc84b04fbe22a02a54353f370581e106cb80cf20a4762c482d873c2b4530,6.695670560623154,6.263416309249237,7.041703114422773,0.9856261299125402,0.950704690235201,1.0184215914156476,1.0,1.0,1.0,0.0,0.0,0.0,2000000.0,2000000.0,2000000.0,0.0,0.0,0.0,0.0,0.0,0.0,0.0,0.26875,0.25625,0.28125,9.353125,8.95,9.759375,35.153125,33.553125,36.75625,19.054458502910165,18.3883206531965,19.734848460614103,0.753125,0.75,0.759375,0.9711666666666667,0.9506666666666668,0.9916666666666666,0.021875,0.00625,0.0375,0.753125,0.75,0.759375,35.03702130001329,34.990583587878064,35.08802467914393,57.72867977997521,56.88752295728773,58.60785987867621,60.09406067582313,58.787856354482756,61.37728848270126,60.90070560021559,59.37363385231947,62.39996258074825,5.810798499442171,5.770008246990983,5.852147279410929,55.31066919575096,54.86673405512283,55.87518689948138,57.253270372246334,55.984787462422354,58.59689992580443,57.926125898666214,56.269180581602996,59.79882394267406,5.117752799924347,5.109174709223225,5.125863512930664,5.244660638782079,5.22257833518961,5.271357703202739,5.645930382161169,5.348604841208726,6.155551258246307,5.8176852005999535,5.3886929195869016,6.55350912204085,46.65478485003405,46.576927959667955,46.73566800047411,118.00600021972059,117.06812609621284,118.98773859184439,120.31735644415312,118.99402157690619,121.6561691947807,121.07569010040606,119.45565087869909,122.59121451930696
16,4,0.12,0.98,periodic_risk,3,1.742933493212258,10,32,20261031,10000,903fc0a2bbb79f083251d0b905a6dcd1f43dd4986e3a2b4dab40214233f35e2b,60f9fc84b04fbe22a02a54353f370581e106cb80cf20a4762c482d873c2b4530,7.158018874176962,6.785989211134788,7.435396953893812,0.9574972596527538,0.8365454736448784,1.0682110317931797,1.0,1.0,1.0,0.0,0.0,0.0,2000000.0,2000000.0,2000000.0,0.0,0.0,0.0,0.0,0.0,0.0,0.0,0.5,0.5,0.5,16.0,16.0,16.0,64.0,64.0,64.0,28.79112101247756,28.766969353889635,28.814004084795783,0.0,0.0,0.0,0.0,0.0,0.0,0.0,0.0,0.0,0.0,0.0,0.0,0.0,0.0,0.0,0.0,0.0,0.0,0.0,0.0,0.0,0.0,0.0,0.0,28.372881549876183,28.326104669777123,28.4192328100562,58.35554525019688,58.16472244432043,58.59788115802894,58.70689188742108,58.39102542517467,59.10359901826996,58.78148170086206,58.46399772233781,59.168356434565794,4.964254300284665,4.9477815197678865,4.979876894585686,5.166276270647359,5.107158338694717,5.231965467562077,12.042071788164334,5.195058400001289,25.624470405557663,15.107622201321647,5.215822099289653,34.766185559019505,36.47335044988722,33.625172950996784,42.10027103914399,63.58516845997656,63.28254373477557,64.04400438077573,66.49921215884387,63.54086614953758,72.18199747393156,67.7686934999656,63.61992814172481,75.80335674238086
16,4,0.12,0.98,always_risk,3,1.742933493212258,10,32,20261031,10000,903fc0a2bbb79f083251d0b905a6dcd1f43dd4986e3a2b4dab40214233f35e2b,60f9fc84b04fbe22a02a54353f370581e106cb80cf20a4762c482d873c2b4530,7.933622568171579,7.584757170602219,8.284911752343286,1.083428129600207,1.031547947769951,1.1313367928087925,1.0,1.0,1.0,0.0,0.0,0.0,2000000.0,2000000.0,2000000.0,0.0,0.0,0.0,0.0,0.0,0.0,0.0,1.0,1.0,1.0,32.0,32.0,32.0,128.0,128.0,128.0,57.4791282843762,57.380205565635265,57.62732204977283,0.0,0.0,0.0,0.0,0.0,0.0,0.0,0.0,0.0,0.0,0.0,0.0,0.0,0.0,0.0,0.0,0.0,0.0,0.0,0.0,0.0,0.0,0.0,0.0,57.365924299665494,57.31094681756076,57.42493766606458,58.249025929617346,57.89268304523739,58.88037080341746,58.889577458008716,58.26221449133591,59.942444181676,59.10789350164123,58.37873302563821,60.30095850255748,4.851008900004672,4.845495349754856,4.856404258789553,4.986750105272222,4.920318420655349,5.098184337247403,5.053908396919724,4.974497809878448,5.166700708823191,5.074740800046129,4.9892341469967505,5.189465240036952,62.42849525115162,62.37878233162519,62.487060296298296,63.39828159449098,62.99249243188842,64.12114486373503,64.05956767923635,63.36472086922695,65.2510568160762,64.27168579903082,63.47987132798153,65.59455359820276
16,4,0.12,0.98,periodic_nominal,3,1.742933493212258,10,32,20261031,10000,903fc0a2bbb79f083251d0b905a6dcd1f43dd4986e3a2b4dab40214233f35e2b,60f9fc84b04fbe22a02a54353f370581e106cb80cf20a4762c482d873c2b4530,7.960360730366263,7.58795043857049,8.306261776014377,1.0160223489758662,0.901220877100835,1.1205350374348275,1.0,1.0,1.0,0.0,0.0,0.0,2000000.0,2000000.0,2000000.0,0.0,0.0,0.0,0.0,0.0,0.0,0.0,0.5,0.5,0.5,64.0,64.0,64.0,64.0,64.0,64.0,105.21650185316958,105.11124738836088,105.31573053816544,0.0,0.0,0.0,0.0,0.0,0.0,0.0,0.0,0.0,0.0,0.0,0.0,0.0,0.0,0.0,0.0,0.0,0.0,0.0,0.0,0.0,0.0,0.0,0.0,104.61395130005258,104.52552159977131,104.69945223948343,211.3550570640291,211.02334400022391,211.6819809672861,211.975847205249,211.42684488582162,212.57088605283516,212.20482169956085,211.55625661582235,212.92994470059057,4.991285149662872,4.980567240700111,5.002280746284669,5.662559120974038,5.430449050642892,5.90376604192079,5.991861290116503,5.763496763106377,6.199225901242062,6.117936802183976,5.878336460318678,6.338457953825127,110.33695624937536,110.20779537881026,110.47595397922123,216.50975172968174,216.1686042600304,216.85103177848578,217.16274425586016,216.5975044201021,217.75251718353175,217.40614060108783,216.72233264715032,218.13951322230423
16,4,0.28,0.7,posterior_triggered,2,1.4939040791763394,10,32,20261031,10000,903fc0a2bbb79f083251d0b905a6dcd1f43dd4986e3a2b4dab40214233f35e2b,60f9fc84b04fbe22a02a54353f370581e106cb80cf20a4762c482d873c2b4530,5.176104149048331,4.956693276049322,5.4051302877684515,0.7536954797413131,0.7263345901152585,0.7827273919088228,1.0,1.0,1.0,0.0,0.0,0.0,1993750.0,1985937.5,2000000.0,0.003125,0.0,0.00625,0.0,0.0,0.0,0.0,0.50625,0.471875,0.540625,16.996875,15.871875,18.109375,65.596875,61.175,70.0125,31.87426052807041,29.972791659418476,33.787258334839976,0.796875,0.778125,0.815625,0.6221153846153846,0.5687237891737891,0.6747259971509971,0.303125,0.25625,0.353125,0.796875,0.778125,0.815625,35.14229214997613,35.06692144435874,35.216029459515994,59.32691866590176,58.156781229468834,60.39435686646539,60.83796900348534,59.09106259062173,62.60107361864848,61.289115598628996,59.30867431263323,63.3023983988096,33.17712349999056,19.00779762872844,47.34622501875492,59.23044089377072,59.0700370946206,59.409065397479935,59.76547073563415,59.53197253521248,59.99402027581109,59.96611029986525,59.66584096000588,60.26149106990488,5.073859399635694,5.051657274034369,5.098728928796845,5.232232616690453,5.2151100558094186,5.256900600111294,5.4687546577333705,5.2977959333180475,5.733473601552034,5.57103770042886,5.3270473825978115,5.957860241542221,76.32530474984378,62.233434400795886,89.87813418979385,119.57900274530402,118.46764037413959,120.62243668027077,121.12153413062333,119.45833251436724,122.85574531931343,121.59018190068309,119.62791660189396,123.56901782406567
16,4,0.28,0.7,periodic_risk,2,1.4939040791763394,10,32,20261031,10000,903fc0a2bbb79f083251d0b905a6dcd1f43dd4986e3a2b4dab40214233f35e2b,60f9fc84b04fbe22a02a54353f370581e106cb80cf20a4762c482d873c2b4530,5.843983404872964,5.56162711612747,6.127143434732782,0.749310393561676,0.6965447662899753,0.8026359906278657,1.0,1.0,1.0,0.0,0.0,0.0,1982812.5,1968750.0,1993750.0,0.00859375,0.003125,0.015625,0.015625,0.0,0.0375,0.03125,0.5,0.5,0.5,16.0,16.0,16.0,64.0,64.0,64.0,28.74283020310031,28.682074074027355,28.827379953858667,0.0,0.0,0.0,0.0,0.0,0.0,0.0,0.0,0.0,0.0,0.0,0.0,0.0,0.0,0.0,0.0,0.0,0.0,0.0,0.0,0.0,0.0,0.0,0.0,28.358529300021473,28.300481905062043,28.417243763551596,58.308945564203896,57.93142184095177,58.88534696443821,58.91826344447327,58.21412890696083,60.12894025202313,58.994646700739395,58.27760580301401,60.178174781249254,4.963959848828381,4.951789680944785,4.976860941269479,5.087479970025015,5.067236054392197,5.113363185691924,5.140319073841965,5.100843269255165,5.1861922565887655,5.159090999950422,5.111377623452427,5.21548022137722,33.5467538501689,33.480107290452,33.61036885968133,63.43668699515547,63.04644973839913,64.04574164435871,64.0776392460466,63.34572615819452,65.30091756196616,64.16090319980867,63.41121029981878,65.37191388146312
16,4,0.28,0.7,always_risk,2,1.4939040791763394,10,32,20261031,10000,903fc0a2bbb79f083251d0b905a6dcd1f43dd4986e3a2b4dab40214233f35e2b,60f9fc84b04fbe22a02a54353f370581e106cb80cf20a4762c482d873c2b4530,6.226426924167818,6.050674872956401,6.410269935219507,0.7975357054757666,0.7682276778844791,0.8254976440327686,0.996875,0.990625,1.0,0.003125,0.0,0.009375,1982812.5,1964062.5,1998437.5,0.00859375,0.00078125,0.01796875,0.0125,0.003125,0.021875,0.021875,1.0,1.0,1.0,32.0,32.0,32.0,128.0,128.0,128.0,57.37245691861972,57.29892966799639,57.460055553663665,0.0,0.0,0.0,0.0,0.0,0.0,0.0,0.0,0.0,0.0,0.0,0.0,0.0,0.0,0.0,0.0,0.0,0.0,0.0,0.0,0.0,0.0,0.0,0.0,57.27644130020053,57.253419928292715,57.3039380460159,58.224400249928294,57.77946812083974,58.912505417530156,58.802734549455636,58.13592576501414,59.647407617591305,59.004455300600966,58.25827895600014,59.87912744123605,4.856932300390326,4.848355698368323,4.865406236385752,4.935339029652823,4.919272399950387,4.9509151523716355,5.0441695407935185,4.979448973687795,5.124106305098758,5.086385898175649,4.993529443127045,5.199800972459343,62.32304235090851,62.30157635072828,62.347969724523864,63.33957614493556,62.870040199041796,64.06937183994069,63.94365275988821,63.223495453678154,64.88930434751528,64.16526149841957,63.35172485823932,65.14714680261022
16,4,0.28,0.7,periodic_nominal,2,1.4939040791763394,10,32,20261031,10000,903fc0a2bbb79f083251d0b905a6dcd1f43dd4986e3a2b4dab40214233f35e2b,60f9fc84b04fbe22a02a54353f370581e106cb80cf20a4762c482d873c2b4530,6.310861111013951,6.109399032908184,6.5536745705598864,0.8057283584256487,0.7404915573140283,0.8693015836789649,0.996875,0.990625,1.0,0.003125,0.0,0.009375,1985937.5,1971875.0,1996875.0,0.00703125,0.0015625,0.0140625,0.009375,0.0,0.01875,0.015625,0.5,0.5,0.5,64.0,64.0,64.0,64.0,64.0,64.0,105.1525665000554,105.05950635357692,105.25888545383509,0.0,0.0,0.0,0.0,0.0,0.0,0.0,0.0,0.0,0.0,0.0,0.0,0.0,0.0,0.0,0.0,0.0,0.0,0.0,0.0,0.0,0.0,0.0,0.0,104.5084854500601,104.39916878068288,104.63819626031182,211.31955343033042,210.98979295064964,211.7531595341934,211.90788684642757,211.49686017593595,212.38829194207847,212.10389160041814,211.63096892252725,212.6241600002686,5.01024379991577,4.99858614916775,5.022824996176496,5.840986279436038,5.6316238308118045,6.03573714027425,6.090946928990888,5.879410346802251,6.298437030430978,6.17018730044947,5.948839559896442,6.389825983678747,110.27263034993666,110.10288908665643,110.45630470252036,216.49223297969002,216.17216790061957,216.91543400266437,217.10329046197148,216.67340962769595,217.60327228930365,217.31477549983538,216.8311338057356,217.8514699761581
16,4,0.28,0.98,posterior_triggered,3,1.5680056868941044,10,32,20261031,10000,903fc0a2bbb79f083251d0b905a6dcd1f43dd4986e3a2b4dab40214233f35e2b,60f9fc84b04fbe22a02a54353f370581e106cb80cf20a4762c482d873c2b4530,5.172344730535504,5.004558331458206,5.361921633069105,0.7826630071074558,0.7478091597011286,0.8139207719989499,1.0,1.0,1.0,0.0,0.0,0.0,2000000.0,2000000.0,2000000.0,0.0,0.0,0.0,0.0,0.0,0.0,0.0,0.615625,0.575,0.65625,20.53125,19.31875,21.9375,79.63125,74.81875,84.846875,37.859230584649595,35.82393613468696,40.1378398459218,0.83125,0.81875,0.84375,0.4637667887667888,0.41011370573870576,0.5152457264957264,0.446875,0.4,0.496875,0.83125,0.81875,0.84375,35.204029149826965,35.134813619770284,35.27165919986146,57.788498859627,56.872604863858214,58.84098426797027,60.84403193079926,58.59039631369451,63.56352289800817,62.09117120015435,59.00852523991489,65.96303736167101,55.82130695183878,54.908208130937055,56.86715654350337,59.41831900490797,59.24087833236263,59.59597481634046,60.15021830362821,59.61948239409685,60.8582083346062,60.41557390199159,59.69886698821938,61.39382871826456,5.021911349831498,5.004424599610502,5.039241350459633,5.225243000750197,5.204299616125354,5.246757818181322,5.482605902383511,5.253024831453513,5.900721893022637,5.590817199117737,5.262823481425585,6.192606899276143,98.6708558510145,97.72434805618104,99.39010717101155,118.21341596543789,117.30896617785675,119.1990176895024,121.2175974625352,119.12848317931166,123.68548365222395,122.41561410046415,119.55386558563987,125.86706764555856
16,4,0.28,0.98,periodic_risk,3,1.5680056868941044,10,32,20261031,10000,903fc0a2bbb79f083251d0b905a6dcd1f43dd4986e3a2b4dab40214233f35e2b,60f9fc84b04fbe22a02a54353f370581e106cb80cf20a4762c482d873c2b4530,6.033888571568555,5.77647543914699,6.299115194543073,0.7762227272359329,0.7175790718278042,0.8284747710337145,1.0,1.0,1.0,0.0,0.0,0.0,1976562.5,1956250.0,1993750.0,0.01171875,0.003125,0.021875,0.0125,0.0,0.03125,0.025,0.5,0.5,0.5,16.0,16.0,16.0,64.0,64.0,64.0,29.154827552883944,28.712121074772767,29.788177744203495,0.0,0.0,0.0,0.0,0.0,0.0,0.0,0.0,0.0,0.0,0.0,0.0,0.0,0.0,0.0,0.0,0.0,0.0,0.0,0.0,0.0,0.0,0.0,0.0,28.427767349785427,28.370902358637977,28.47899696888817,60.753818824778136,57.982804515245334,64.70280929371529,61.3013808716787,58.311528114450994,65.51930965821884,61.42683350117295,58.390304144450056,65.70934773935733,4.961006150551839,4.949863512019874,4.97278418039059,5.221051579428604,5.13496856040274,5.3248531852350425,5.510261148956488,5.254931088771263,5.860212841526846,5.614849600533489,5.292504699900746,6.071101895649917,33.87174989838968,33.666128766908514,34.168158249303815,65.86573791468254,63.11776685513905,69.80850297220331,66.4380041876866,63.46384303728901,70.60828137287027,66.57601070110104,63.55247580473588,70.75328472343244
16,4,0.28,0.98,always_risk,3,1.5680056868941044,10,32,20261031,10000,903fc0a2bbb79f083251d0b905a6dcd1f43dd4986e3a2b4dab40214233f35e2b,60f9fc84b04fbe22a02a54353f370581e106cb80cf20a4762c482d873c2b4530,6.578321708817144,6.262005509632114,6.872475411194862,0.8566882463304563,0.7985158440487767,0.9090502884966096,1.0,1.0,1.0,0.0,0.0,0.0,1990625.0,1981250.0,1998437.5,0.0046875,0.00078125,0.009375,0.003125,0.0,0.009375,0.009375,1.0,1.0,1.0,32.0,32.0,32.0,128.0,128.0,128.0,57.816050378119144,57.362220911028885,58.60568942228326,0.0,0.0,0.0,0.0,0.0,0.0,0.0,0.0,0.0,0.0,0.0,0.0,0.0,0.0,0.0,0.0,0.0,0.0,0.0,0.0,0.0,0.0,0.0,0.0,57.58834730077069,57.30124635118955,58.10845576281281,59.24540227613761,57.86446180070652,61.78190566104058,60.558731454199005,58.10630483607893,63.90636866834393,61.048372300138,58.19503801993051,64.8828866400072,4.856837950501358,4.848373906770576,4.866480104401489,4.940234750538366,4.922183810853312,4.95631212778062,5.015510188241024,4.973636119769617,5.062184492349479,5.0439534010365605,4.9867573159099265,5.105991063901456,62.64695355093863,62.35118193812923,63.17170544335568,64.32587552488258,62.941819459738326,66.83863154593928,65.65205986467481,63.210505925351754,68.98934345457292,66.15228159935214,63.292772657368914,70.04198789745715
16,4,0.28,0.98,periodic_nominal,3,1.5680056868941044,10,32,20261031,10000,903fc0a2bbb79f083251d0b905a6dcd1f43dd4986e3a2b4dab40214233f35e2b,60f9fc84b04fbe22a02a54353f370581e106cb80cf20a4762c482d873c2b4530,6.770120164068858,6.5096521441929305,7.040090837162882,0.8528761212036109,0.7483522223218664,0.9392004241766592,0.9875,0.9625,1.0,0.0125,0.0,0.0375,1959375.0,1900000.0,2000000.0,0.0203125,0.0,0.046875,0.0375,0.0,0.0875,0.0875,0.5,0.5,0.5,64.0,64.0,64.0,64.0,64.0,64.0,105.24744584683958,105.0789738786807,105.48581105733831,0.0,0.0,0.0,0.0,0.0,0.0,0.0,0.0,0.0,0.0,0.0,0.0,0.0,0.0,0.0,0.0,0.0,0.0,0.0,0.0,0.0,0.0,0.0,0.0,104.51727114959795,104.4268827093947,104.59601707267211,212.00187788152107,211.0465695287321,213.50700846005475,212.44914066775527,211.28537420597132,214.26540755595525,212.6006841979688,211.35155309591937,214.5353840572352,4.99798285018187,4.982287870516302,5.016156111259988,5.895021619035106,5.688300681131295,6.081266647661323,6.104199904744746,5.882549857867343,6.2975472071721015,6.1582351991091855,5.925347756874544,6.363461180517334,110.28103689968702,110.16465660841277,110.39815230307795,217.15629953487223,216.18353009369275,218.63525962391577,217.62387674746424,216.4339271938614,219.41752568716348,217.78681249925285,216.50512212130707,219.71150470371867
32,2,0.12,0.7,posterior_triggered,1,5.475618645386229,10,32,20261031,10000,903fc0a2bbb79f083251d0b905a6dcd1f43dd4986e3a2b4dab40214233f35e2b,60f9fc84b04fbe22a02a54353f370581e106cb80cf20a4762c482d873c2b4530,10.182114498190675,9.686700625789657,10.746229527814423,3.4149500286050647,3.0905148166751597,3.7906605227059877,1.0,1.0,1.0,0.0,0.0,0.0,1000000.0,1000000.0,1000000.0,0.0,0.0,0.0,0.0,0.0,0.0,0.0,0.25,0.25,0.25,8.75,8.75,8.75,32.75,32.75,32.75,18.06914659666745,18.039967735437585,18.09250449589797,0.75,0.75,0.75,1.0,1.0,1.0,0.0,0.0,0.0,0.75,0.75,0.75,113.14071699998749,112.22596284905194,113.86209908971978,167.07918964992132,165.62384355356335,168.85588951175941,177.28034965175175,169.6770336582882,187.03505065800715,180.90904249984305,170.69082317728316,193.85809971292474,5.813817800662946,5.801343496777918,5.826356714851499,54.93926389455737,54.85966531114536,55.027278213370664,55.40465633855638,55.12342559309436,55.734450809281405,55.579298000520794,55.199438600539,56.04045197966116,5.33917909997399,5.333436357786923,5.345691839893334,5.450780079154356,5.432886220391083,5.4687905815053455,5.5647651380859315,5.513197813672013,5.621253881428311,5.610990199056687,5.5359502593455545,5.6958176807711425,126.23207554934197,125.42908149360301,127.05104494925763,227.06161276521016,226.09296237454237,227.98546233674278,235.25510771357222,229.21504861589565,244.26420800442884,238.2446269992215,230.009666365695,250.84198132464735
32,2,0.12,0.7,periodic_risk,1,5.475618645386229,10,32,20261031,10000,903fc0a2bbb79f083251d0b905a6dcd1f43dd4986e3a2b4dab40214233f35e2b,60f9fc84b04fbe22a02a54353f370581e106cb80cf20a4762c482d873c2b4530,10.603229750470952,10.41287098263029,10.784407454374902,3.698650640911167,3.3163499840410395,3.982292667430715,1.0,1.0,1.0,0.0,0.0,0.0,1000000.0,1000000.0,1000000.0,0.0,0.0,0.0,0.0,0.0,0.0,0.0,0.5,0.5,0.5,16.0,16.0,16.0,64.0,64.0,64.0,29.104064018542886,28.93300575281046,29.322130602550942,0.0,0.0,0.0,0.0,0.0,0.0,0.0,0.0,0.0,0.0,0.0,0.0,0.0,0.0,0.0,0.0,0.0,0.0,0.0,0.0,0.0,0.0,0.0,0.0,28.61146174946043,28.56851836799251,28.656844308843574,59.30859580941615,58.344538360505794,60.611460240616,61.31954240924824,58.949453066833485,64.47863376929999,61.824571499892045,59.090181458959705,65.32723053642258,5.2062360489799175,5.194203848805046,5.218601047818083,5.43498094091774,5.3882578088132504,5.4816719919344905,13.52115147547012,5.585600906902073,29.30582778958856,17.11754529897007,5.639563039803761,39.97599039867055,37.06014444906032,34.153722262590236,42.7867213265381,64.73889931101439,63.742319635780404,65.98834341788552,70.47964584084548,64.78093375050867,78.55577052220727,72.64009660066222,65.25978983636378,84.05137330119032
32,2,0.12,0.7,always_risk,1,5.475618645386229,10,32,20261031,10000,903fc0a2bbb79f083251d0b905a6dcd1f43dd4986e3a2b4dab40214233f35e2b,60f9fc84b04fbe22a02a54353f370581e106cb80cf20a4762c482d873c2b4530,11.047925570908486,10.797312505469757,11.324544521698618,3.7475748765888235,3.4386457745204964,4.054221989880103,1.0,1.0,1.0,0.0,0.0,0.0,1000000.0,1000000.0,1000000.0,0.0,0.0,0.0,0.0,0.0,0.0,0.0,1.0,1.0,1.0,32.0,32.0,32.0,128.0,128.0,128.0,57.998333453224404,57.68694463749853,58.408908969455524,0.0,0.0,0.0,0.0,0.0,0.0,0.0,0.0,0.0,0.0,0.0,0.0,0.0,0.0,0.0,0.0,0.0,0.0,0.0,0.0,0.0,0.0,0.0,0.0,57.7075559511286,57.643634017485965,57.774679396252395,59.299808379910246,58.19380998899578,60.868037389898745,60.23687280781451,58.498919061483505,62.657700253834264,60.60918379953364,58.59428491341532,63.262406280864525,5.133385199587792,5.1258953194155765,5.141500956851814,5.2198903937096475,5.203639825499522,5.235574523281684,5.256032618126483,5.228193612450741,5.283617492730263,5.265966599108651,5.234698178483086,5.296763881306106,63.02456820048974,62.957739451467205,63.09643649709869,64.68378300956829,63.57059272469451,66.24269927997375,65.61426479434158,63.885875910606956,67.92944388234173,65.97854749925318,63.97997662154012,68.66177239960962
32,2,0.12,0.7,periodic_nominal,1,5.475618645386229,10,32,20261031,10000,903fc0a2bbb79f083251d0b905a6dcd1f43dd4986e3a2b4dab40214233f35e2b,60f9fc84b04fbe22a02a54353f370581e106cb80cf20a4762c482d873c2b4530,11.178289606295321,10.88444414864049,11.494493675611363,3.8486921129786635,3.591818128693969,4.107167844070571,1.0,1.0,1.0,0.0,0.0,0.0,1000000.0,1000000.0,1000000.0,0.0,0.0,0.0,0.0,0.0,0.0,0.0,0.5,0.5,0.5,64.0,64.0,64.0,64.0,64.0,64.0,105.7904569283437,105.58283922791986,106.03955899192954,0.0,0.0,0.0,0.0,0.0,0.0,0.0,0.0,0.0,0.0,0.0,0.0,0.0,0.0,0.0,0.0,0.0,0.0,0.0,0.0,0.0,0.0,0.0,0.0,105.01136124948971,104.91945479272545,105.11302037153655,213.41359440972155,212.17541543685547,215.10812344971782,214.16634921915102,212.76533764567284,215.990942113468,214.3391208992398,212.9501405175506,216.18747356460517,5.245511750763399,5.237097260414885,5.253975792347774,6.206470200086187,6.064580693879179,6.340568000806343,6.46473196693114,6.2877158322186,6.649201013204038,6.554933101142524,6.322195986394945,6.833505565409723,111.11542234975786,110.98397346577258,111.24174170950027,218.8296959204672,217.57799986516966,220.54053067752557,219.59217500495288,218.20961142625873,221.45713028514328,219.7640310994757,218.39824509623213,221.53151444044852
32,2,0.12,0.98,posterior_triggered,1,5.566467803245245,10,32,20261031,10000,903fc0a2bbb79f083251d0b905a6dcd1f43dd4986e3a2b4dab40214233f35e2b,60f9fc84b04fbe22a02a54353f370581e106cb80cf20a4762c482d873c2b4530,10.501257172463554,10.152439215960804,10.907171595184277,3.2586731430937554,2.9636047554005556,3.5353619990920455,1.0,1.0,1.0,0.0,0.0,0.0,1000000.0,1000000.0,1000000.0,0.0,0.0,0.0,0.0,0.0,0.0,0.0,0.25,0.25,0.25,8.75,8.75,8.75,32.75,32.75,32.75,18.088980578204428,18.040996319845704,18.153699602364668,0.75,0.75,0.75,1.0,1.0,1.0,0.0,0.0,0.0,0.75,0.75,0.75,114.01346784950874,112.08896571059995,115.8931383046729,164.87374916021508,164.2154515111106,165.58398052404027,168.66985853631923,167.4815870386141,170.08220669618277,169.96182209986728,168.4617530381911,171.84546322161623,5.829994050509413,5.806530911486334,5.856954897571995,54.89016850970074,54.77867861161485,55.020765824822774,55.613140351597394,55.056974114129844,56.31366426167624,55.88317539950367,55.13407944341452,56.84729348802648,5.366565149597591,5.343268694223298,5.392535252167363,5.47697777972644,5.432611658555288,5.525584363967937,5.564695136548835,5.482600034228199,5.66288021192031,5.593719599710312,5.500125462840515,5.705668965329096,127.12243015084823,125.54742850115872,128.73735937919264,225.67543770044722,224.95591277585572,226.42121379972923,229.26977331237867,228.08575089657734,230.74866780155898,230.46502320066793,228.91947030288065,232.4454874550247
32,2,0.12,0.98,periodic_risk,1,5.566467803245245,10,32,20261031,10000,903fc0a2bbb79f083251d0b905a6dcd1f43dd4986e3a2b4dab40214233f35e2b,60f9fc84b04fbe22a02a54353f370581e106cb80cf20a4762c482d873c2b4530,10.48783216845005,10.261702654004138,10.7230361553749,3.410005365426682,3.129150491749468,3.7140893092458165,1.0,1.0,1.0,0.0,0.0,0.0,1000000.0,1000000.0,1000000.0,0.0,0.0,0.0,0.0,0.0,0.0,0.0,0.5,0.5,0.5,16.0,16.0,16.0,64.0,64.0,64.0,29.11388141558291,28.918167025062758,29.4663496433418,0.0,0.0,0.0,0.0,0.0,0.0,0.0,0.0,0.0,0.0,0.0,0.0,0.0,0.0,0.0,0.0,0.0,0.0,0.0,0.0,0.0,0.0,0.0,0.0,28.58267404990329,28.524827357268805,28.641824208980324,60.13072172037937,58.487817261279815,63.30480609209462,60.75946095539257,58.77243618648536,64.42822984317809,60.90500979917124,58.8704654990579,64.64402807949227,5.2083993003179785,5.190561569615966,5.225832380601787,5.358668439257599,5.309990726063006,5.431588210644804,5.4292193954388495,5.3327361980109345,5.559561372937059,5.455630899814423,5.338335917349468,5.6065766393294325,34.05808905044978,33.96285702133355,34.16431691007347,65.51149404571333,63.86020808633475,68.67933602326957,66.15513377303432,64.16930821208607,69.82779852051445,66.29319279963966,64.25386880910082,69.99672542166081
32,2,0.12,0.98,always_risk,1,5.566467803245245,10,32,20261031,10000,903fc0a2bbb79f083251d0b905a6dcd1f43dd4986e3a2b4dab40214233f35e2b,60f9fc84b04fbe22a02a54353f370581e106cb80cf20a4762c482d873c2b4530,11.19306504278707,10.851581991335204,11.53546934898578,3.833424304948327,3.5029552446430885,4.153784240646128,1.0,1.0,1.0,0.0,0.0,0.0,1000000.0,1000000.0,1000000.0,0.0,0.0,0.0,0.0,0.0,0.0,0.0,1.0,1.0,1.0,32.0,32.0,32.0,128.0,128.0,128.0,57.77299349688292,57.62634160597088,57.98080967988767,0.0,0.0,0.0,0.0,0.0,0.0,0.0,0.0,0.0,0.0,0.0,0.0,0.0,0.0,0.0,0.0,0.0,0.0,0.0,0.0,0.0,0.0,0.0,0.0,57.64133535012661,57.57858597806262,57.70051725371559,58.59829711607745,58.098349590474754,59.45343858144042,59.895846373416134,58.39092836787786,62.62815495849645,60.42986219981685,58.46778765115232,63.941404977576894,5.140655700233765,5.125259570131675,5.157316900204023,5.214009848968999,5.194925439521285,5.2384640828668125,5.27313655729813,5.234019317072307,5.321213465614892,5.296075998921879,5.243290198995965,5.364060496558523,62.98299939953722,62.90945036831545,63.05799315283366,63.96365346041421,63.46771937968151,64.8087648143337,65.31115316873183,63.81133063148027,68.00010308521796,65.86385750051704,63.91033653009799,69.37483765090292
32,2,0.12,0.98,periodic_nominal,1,5.566467803245245,10,32,20261031,10000,903fc0a2bbb79f083251d0b905a6dcd1f43dd4986e3a2b4dab40214233f35e2b,60f9fc84b04fbe22a02a54353f370581e106cb80cf20a4762c482d873c2b4530,11.502149286551157,11.152069387861891,11.825013554803109,4.0447296442199825,3.555466148564671,4.454552017520894,1.0,1.0,1.0,0.0,0.0,0.0,1000000.0,1000000.0,1000000.0,0.0,0.0,0.0,0.0,0.0,0.0,0.0,0.5,0.5,0.5,64.0,64.0,64.0,64.0,64.0,64.0,105.53241196250838,105.4016862545825,105.67064526878767,0.0,0.0,0.0,0.0,0.0,0.0,0.0,0.0,0.0,0.0,0.0,0.0,0.0,0.0,0.0,0.0,0.0,0.0,0.0,0.0,0.0,0.0,0.0,0.0,104.89291924968711,104.78119275750942,105.01313413795287,212.03661371608177,211.48234234876418,212.72904116478276,213.0256251071405,211.86869102572382,214.47839351956645,213.36160939972615,211.9799736979985,215.09589049763235,5.247889551174012,5.221561835578541,5.274191371909183,6.185702466755174,5.847032411113105,6.5058129073549935,6.48737028434698,6.2217243504084765,6.744467991067722,6.579243898886489,6.349545000648504,6.79799618144898,110.9948028002691,110.83622665957591,111.16062235393656,217.465717555242,216.8939373221383,218.18192626167456,218.46644295280566,217.2693392179208,219.97931821513083,218.80937450114288,217.36596757771622,220.63394139937373
32,2,0.28,0.7,posterior_triggered,1,4.154446986930736,10,32,20261031,10000,903fc0a2bbb79f083251d0b905a6dcd1f43dd4986e3a2b4dab40214233f35e2b,60f9fc84b04fbe22a02a54353f370581e106cb80cf20a4762c482d873c2b4530,7.110202766712123,6.7097020955867315,7.558633068223562,1.8349397329306871,1.6552966762554482,2.0359963349042,1.0,1.0,1.0,0.0,0.0,0.0,1000000.0,1000000.0,1000000.0,0.0,0.0,0.0,0.0,0.0,0.0,0.0,0.2625,0.25,0.284375,9.15,8.75,9.752499999999964,34.35,32.75,36.75,18.67605634993197,17.99026472522769,19.73492783030224,0.75,0.75,0.75,0.9833333333333334,0.9583333333333334,1.0,0.0125,0.0,0.034375,0.75,0.75,0.75,115.1867876509641,114.23518895135203,116.08499583247067,164.82636163025745,164.4300166082803,165.31348849104688,168.83145556722593,167.03868048525345,171.22282836864196,170.11441360009485,167.70049400953212,173.1519565565941,5.807843249567668,5.772898228287886,5.83919862527182,54.879456209200725,54.349540582159534,55.670882930397966,55.324108964523475,54.602215114152386,56.22025885050262,55.49933200090891,54.65482663974399,56.605853138989914,5.323194750235416,5.305066316504963,5.341504208672632,5.435875796065375,5.415274037362906,5.458664294802475,5.832183236438142,5.466109269478329,6.523154305462415,6.001064198790118,5.478344694802217,7.001970099918253,128.04333724961907,126.87432699384772,129.4745091662753,225.00617233028606,224.6032598028396,225.43983315091373,229.00283762709296,227.1956353414029,231.27137519407515,230.3211710001051,227.92264629955753,233.3042412170289
32,2,0.28,0.7,periodic_risk,1,4.154446986930736,10,32,20261031,10000,903fc0a2bbb79f083251d0b905a6dcd1f43dd4986e3a2b4dab40214233f35e2b,60f9fc84b04fbe22a02a54353f370581e106cb80cf20a4762c482d873c2b4530,7.844763030007391,7.700824898865238,7.997331842892907,2.0261888114027675,1.8941515908777529,2.170257856519525,1.0,1.0,1.0,0.0,0.0,0.0,1000000.0,1000000.0,1000000.0,0.0,0.0,0.0,0.0,0.0,0.0,0.0,0.5,0.5,0.5,16.0,16.0,16.0,64.0,64.0,64.0,28.806142859389183,28.68519493671954,28.92273964004289,0.0,0.0,0.0,0.0,0.0,0.0,0.0,0.0,0.0,0.0,0.0,0.0,0.0,0.0,0.0,0.0,0.0,0.0,0.0,0.0,0.0,0.0,0.0,0.0,28.42738319959608,28.29819008720733,28.5566869199738,58.15183989558136,57.905864412412484,58.39340500062008,59.14930939357146,58.38177120838991,60.2370735439401,59.546237299218774,58.48950573716138,61.127352300754865,5.170345800797804,5.149283886339617,5.1936197645500215,5.308677210014139,5.271625475531437,5.361148352888449,5.384449671306356,5.3170445164001645,5.4712393777421315,5.409815700841136,5.32873580159503,5.512805218677386,33.870069900513045,33.735344410342805,34.005673302017385,63.48938248975173,63.21987639071267,63.7457333639677,64.52984509690577,63.74314426660512,65.6629943883183,64.93774880145793,63.88090720482069,66.54146332895834
32,2,0.28,0.7,always_risk,1,4.154446986930736,10,32,20261031,10000,903fc0a2bbb79f083251d0b905a6dcd1f43dd4986e3a2b4dab40214233f35e2b,60f9fc84b04fbe22a02a54353f370581e106cb80cf20a4762c482d873c2b4530,8.502044940649906,8.256210349543888,8.791949235996718,2.3331120921905475,2.067151084318688,2.615827371567125,1.0,1.0,1.0,0.0,0.0,0.0,1000000.0,1000000.0,1000000.0,0.0,0.0,0.0,0.0,0.0,0.0,0.0,1.0,1.0,1.0,32.0,32.0,32.0,128.0,128.0,128.0,57.371679718335145,57.19867681070582,57.539516537212876,0.0,0.0,0.0,0.0,0.0,0.0,0.0,0.0,0.0,0.0,0.0,0.0,0.0,0.0,0.0,0.0,0.0,0.0,0.0,0.0,0.0,0.0,0.0,0.0,57.30911205027951,57.13374701851535,57.47341749644875,57.95312033438677,57.750676057778946,58.14571941347822,58.58452915529779,58.201637904331804,59.028405131065846,58.7996738984657,58.27182910077681,59.4461909581878,5.106987800536444,5.088297776765103,5.125522630405612,5.1995075240847655,5.15987541825325,5.244126484758453,5.2962703826560755,5.204909222505921,5.398421759842677,5.334127799869748,5.218240846024855,5.46999699796288,62.62189395019959,62.41864633606383,62.8110262316477,63.31747849486419,63.09626838393888,63.53787177607228,63.94092147810443,63.56410971411115,64.38412509389309,64.15335400015465,63.61265659870696,64.82747534202645
32,2,0.28,0.7,periodic_nominal,1,4.154446986930736,10,32,20261031,10000,903fc0a2bbb79f083251d0b905a6dcd1f43dd4986e3a2b4dab40214233f35e2b,60f9fc84b04fbe22a02a54353f370581e106cb80cf20a4762c482d873c2b4530,8.205872662186758,7.980904267484062,8.387606494075651,2.069414602595354,1.8651449715003734,2.2697382027983917,1.0,1.0,1.0,0.0,0.0,0.0,1000000.0,1000000.0,1000000.0,0.0,0.0,0.0,0.0,0.0,0.0,0.0,0.5,0.5,0.5,64.0,64.0,64.0,64.0,64.0,64.0,104.89910842820791,104.5062945248219,105.2635894103031,0.0,0.0,0.0,0.0,0.0,0.0,0.0,0.0,0.0,0.0,0.0,0.0,0.0,0.0,0.0,0.0,0.0,0.0,0.0,0.0,0.0,0.0,0.0,0.0,104.2529017511697,103.87336058985966,104.63062035123585,210.57957400491432,209.76281178977206,211.33909497960212,211.7443011281939,210.74620145977332,212.6976744791271,212.21783270011656,211.0205311003847,213.4716767779537,5.218927549867658,5.203030740867689,5.236110690348141,6.102718988695415,5.768128230881302,6.423401906260551,6.28202843121835,5.93575910488853,6.607711759100857,6.335972399392631,5.968055076627934,6.667924305183988,110.19783550000284,109.70182715934243,110.6734323663386,215.9551395212111,215.10067301120398,216.77045355155497,217.14073319852469,216.13202229125326,218.11648159773995,217.62153609888628,216.41501215870449,218.88789258613542
32,2,0.28,0.98,posterior_triggered,0,4.245310944408262,10,32,20261031,10000,903fc0a2bbb79f083251d0b905a6dcd1f43dd4986e3a2b4dab40214233f35e2b,60f9fc84b04fbe22a02a54353f370581e106cb80cf20a4762c482d873c2b4530,7.689880172605152,7.220391738133654,8.166994008306453,1.8735964667501215,1.6068273290035044,2.1042640868763183,1.0,1.0,1.0,0.0,0.0,0.0,1000000.0,1000000.0,1000000.0,0.0,0.0,0.0,0.0,0.0,0.0,0.0,0.278125,0.2625,0.29375,9.65,9.15,10.15,36.35,34.35,38.35,19.302283537808762,18.469337314185168,20.163489840177817,0.75,0.75,0.75,0.9625,0.9416666666666667,0.9833333333333334,0.028125,0.0125,0.04375,0.75,0.75,0.75,114.27529500033415,111.82008368850802,116.47423723512475,166.1207405553796,165.30873484219956,166.93318312172687,169.82942346650816,168.3302705695458,171.39000281630106,170.81755200051703,169.23475089464773,172.47294802360557,5.761943300603889,5.732883452446913,5.7906110807107325,54.89533819920325,54.258478385122544,55.69887484614355,56.26906421285821,55.2252338139182,57.29790929200826,56.657022300350945,55.470620800042525,57.81391151682328,5.282363800142775,5.272739472629837,5.292474538955503,5.4052629803845775,5.37553540105182,5.439726261475698,5.479416615315131,5.421848792597302,5.54182486503596,5.504822200600756,5.433150601311354,5.582781900739064,127.47572570078773,125.09731772092891,129.9143839231965,226.11026518006838,225.25658069039673,227.0057860399338,229.71675915958622,228.2228788557186,231.23508035537907,230.60547370041604,228.9982698640597,232.28952912753812
32,2,0.28,0.98,periodic_risk,0,4.245310944408262,10,32,20261031,10000,903fc0a2bbb79f083251d0b905a6dcd1f43dd4986e3a2b4dab40214233f35e2b,60f9fc84b04fbe22a02a54353f370581e106cb80cf20a4762c482d873c2b4530,8.319517166497041,8.005184156449392,8.645094782163758,2.0638692959327396,1.837889538876925,2.280015717039844,1.0,1.0,1.0,0.0,0.0,0.0,1000000.0,1000000.0,1000000.0,0.0,0.0,0.0,0.0,0.0,0.0,0.0,0.5,0.5,0.5,16.0,16.0,16.0,64.0,64.0,64.0,28.590724315449734,28.55532197070943,28.624637924203853,0.0,0.0,0.0,0.0,0.0,0.0,0.0,0.0,0.0,0.0,0.0,0.0,0.0,0.0,0.0,0.0,0.0,0.0,0.0,0.0,0.0,0.0,0.0,0.0,28.28888964977523,28.236103650215227,28.346300629236794,57.66315487908287,57.56836826230301,57.75456046481031,58.195054230774986,57.82649156290845,58.705743755407276,58.38914830019348,57.87080386364323,59.11858463965473,5.1486318985553226,5.143405918834105,5.1534414921570715,5.4280131902123685,5.37333980449057,5.486923102194851,5.633499832772941,5.598797050726716,5.665501182443222,5.6727320996287744,5.644983578840765,5.705386938425363,33.84516204932879,33.7746301140578,33.918314203083355,62.95955906029121,62.869124873343026,63.04595549928126,63.52220227767975,63.15382697325349,64.04233840747456,63.72562530086725,63.21571890148334,64.45820474766151
32,2,0.28,0.98,always_risk,0,4.245310944408262,10,32,20261031,10000,903fc0a2bbb79f083251d0b905a6dcd1f43dd4986e3a2b4dab40214233f35e2b,60f9fc84b04fbe22a02a54353f370581e106cb80cf20a4762c482d873c2b4530,8.786726052129225,8.37881350887682,9.172235085379159,2.296563024514115,2.097031223608531,2.517965599915646,1.0,1.0,1.0,0.0,0.0,0.0,1000000.0,1000000.0,1000000.0,0.0,0.0,0.0,0.0,0.0,0.0,0.0,1.0,1.0,1.0,32.0,32.0,32.0,128.0,128.0,128.0,56.98714134994134,56.9426735646033,57.04260639506913,0.0,0.0,0.0,0.0,0.0,0.0,0.0,0.0,0.0,0.0,0.0,0.0,0.0,0.0,0.0,0.0,0.0,0.0,0.0,0.0,0.0,0.0,0.0,0.0,56.93414235138334,56.89480219285542,56.976044468838154,57.50453861539427,57.41963282017059,57.58568873029617,58.01205762684549,57.69290864578816,58.44526044113318,58.20231959951343,57.74470570819176,58.80190235864575,5.07211849981104,5.06516796048345,5.078709033004998,5.189253864773491,5.147233777518522,5.239658896258334,5.226800660806475,5.167017141714678,5.302433823782485,5.2337963999889325,5.173266964266077,5.312803167180391,62.21190914839099,62.16949373748321,62.25858359830454,62.82353143527871,62.73786210572871,62.90440378961557,63.33001088486344,62.98636521596927,63.80748868006613,63.5203095000179,63.03423671939527,64.1824379035279
32,2,0.28,0.98,periodic_nominal,0,4.245310944408262,10,32,20261031,10000,903fc0a2bbb79f083251d0b905a6dcd1f43dd4986e3a2b4dab40214233f35e2b,60f9fc84b04fbe22a02a54353f370581e106cb80cf20a4762c482d873c2b4530,8.908908272542678,8.277370869528292,9.557525582934012,2.280606823770813,1.9112991650811078,2.6412502337966934,1.0,1.0,1.0,0.0,0.0,0.0,1000000.0,1000000.0,1000000.0,0.0,0.0,0.0,0.0,0.0,0.0,0.0,0.5,0.5,0.5,64.0,64.0,64.0,64.0,64.0,64.0,104.13851072494253,104.08189615980064,104.19563499320645,0.0,0.0,0.0,0.0,0.0,0.0,0.0,0.0,0.0,0.0,0.0,0.0,0.0,0.0,0.0,0.0,0.0,0.0,0.0,0.0,0.0,0.0,0.0,0.0,103.5635521500808,103.44923062907583,103.6692343312643,209.04982974963787,208.8770335392055,209.23446595578662,209.74634187440097,209.1920985554607,210.4056587005065,210.02587160328403,209.30913270422025,210.89983522300827,5.19392699970922,5.186282437098271,5.201372074452593,6.131199224837474,5.943903884399333,6.324386618282915,6.432395380332309,6.22057834967527,6.650924684769052,6.5308590994391125,6.292596455223247,6.779244682675198,109.61916129999736,109.43243389402596,109.82555007189148,214.41585893451702,214.23664715240102,214.61179323323177,215.11622607164463,214.5384793566389,215.81057312629363,215.39863349826192,214.6698531392576,216.30441953866466
32,4,0.12,0.7,posterior_triggered,3,2.1922136105616152,10,32,20261031,10000,903fc0a2bbb79f083251d0b905a6dcd1f43dd4986e3a2b4dab40214233f35e2b,60f9fc84b04fbe22a02a54353f370581e106cb80cf20a4762c482d873c2b4530,7.365815529006165,7.077203873634493,7.7156210955398565,1.0396217984119827,0.987174508699539,1.0917410033829011,1.0,1.0,1.0,0.0,0.0,0.0,2000000.0,2000000.0,2000000.0,0.0,0.0,0.0,0.0,0.0,0.0,0.0,0.259375,0.25,0.271875,9.05,8.75,9.55,33.95,32.75,35.55,18.943075793868047,18.04606835976415,19.999307696958795,0.75,0.75,0.75,0.9875,0.9708333333333332,1.0,0.009375,0.0,0.025,0.75,0.75,0.75,254.10757300014666,253.39931241117483,254.77874573722147,325.7916500504871,323.73929642095936,327.74640305026514,327.9386006835339,325.560029458813,330.14885887734397,328.6641877995862,326.04168957504953,331.0748150198924,5.851431100745685,5.837856260868648,5.864289470728181,54.88182847522694,54.60885239106574,55.291860168658786,61.838990640615535,54.87182753039324,74.84232558098596,64.84427510149544,54.96109488314687,83.51294167012384,5.604222099282197,5.589741798758041,5.6221954882221326,5.735758983901178,5.704057989950343,5.774939646183157,5.792215438174026,5.7399521065164665,5.85233666201857,5.811144100880483,5.749259784988681,5.884895976596454,266.9587976502953,266.1678953705632,267.8537548611803,386.38363915961236,384.38616898860346,388.3047292150686,390.3868538644456,387.5518399828303,393.4732409420558,391.93126099926303,388.28200616435424,396.3226529167514
32,4,0.12,0.7,periodic_risk,3,2.1922136105616152,10,32,20261031,10000,903fc0a2bbb79f083251d0b905a6dcd1f43dd4986e3a2b4dab40214233f35e2b,60f9fc84b04fbe22a02a54353f370581e106cb80cf20a4762c482d873c2b4530,8.059819143234622,7.839395838538107,8.303627576110452,1.0121711792289367,0.9413859464526655,1.0837821378603971,1.0,1.0,1.0,0.0,0.0,0.0,2000000.0,2000000.0,2000000.0,0.0,0.0,0.0,0.0,0.0,0.0,0.0,0.5,0.5,0.5,16.0,16.0,16.0,64.0,64.0,64.0,28.74727063442606,28.59358030925307,28.99335276499187,0.0,0.0,0.0,0.0,0.0,0.0,0.0,0.0,0.0,0.0,0.0,0.0,0.0,0.0,0.0,0.0,0.0,0.0,0.0,0.0,0.0,0.0,0.0,0.0,28.37113265049993,28.311582328296936,28.43068272411074,58.90442594067281,57.750174505190444,61.067921653308076,59.371072412934154,57.99323678742239,61.94333847092057,59.453137998934835,58.06863837684432,62.03530203902119,5.416103600146016,5.4026261786657415,5.42951722853104,5.630482065607794,5.532720224227887,5.7404659900184924,5.851419567763514,5.6914194820552435,6.015844655588262,5.938227999286028,5.7419633393328695,6.133913622816181,34.19181625067722,34.04967148076139,34.336761991780804,64.50880105505348,63.35660377679869,66.66747351317099,65.03558558149234,63.66336424259843,67.59663744508399,65.13226060051238,63.75820364617539,67.67742953721609
32,4,0.12,0.7,always_risk,3,2.1922136105616152,10,32,20261031,10000,903fc0a2bbb79f083251d0b905a6dcd1f43dd4986e3a2b4dab40214233f35e2b,60f9fc84b04fbe22a02a54353f370581e106cb80cf20a4762c482d873c2b4530,8.923562396054875,8.54128480797874,9.251726194643375,1.0873080411535514,1.0272832124138631,1.1585436653386028,1.0,1.0,1.0,0.0,0.0,0.0,2000000.0,2000000.0,2000000.0,0.0,0.0,0.0,0.0,0.0,0.0,0.0,1.0,1.0,1.0,32.0,32.0,32.0,128.0,128.0,128.0,57.242875421934514,57.051265785318606,57.53531643034705,0.0,0.0,0.0,0.0,0.0,0.0,0.0,0.0,0.0,0.0,0.0,0.0,0.0,0.0,0.0,0.0,0.0,0.0,0.0,0.0,0.0,0.0,0.0,0.0,57.031654349702876,56.967162092842045,57.08697558507083,58.118209464882966,57.54672165185639,59.057402372298384,59.145433122517716,57.83076029126096,61.37984342854179,59.53110750197084,57.88730447357011,62.380620201147394,5.332398098835256,5.324386749998666,5.339604808168588,5.415080274287902,5.400757168560631,5.428788078715115,5.464776553984848,5.437671729217982,5.498134989959544,5.482789599773241,5.44530060087709,5.530608139688411,62.562355249974644,62.48756751977453,62.62889399986307,63.70070680473873,63.12873872453838,64.63782478522353,64.71381230281986,63.39133902606627,66.90358117799606,65.09074310088181,63.432862382451276,67.8873348086563
32,4,0.12,0.7,periodic_nominal,3,2.1922136105616152,10,32,20261031,10000,903fc0a2bbb79f083251d0b905a6dcd1f43dd4986e3a2b4dab40214233f35e2b,60f9fc84b04fbe22a02a54353f370581e106cb80cf20a4762c482d873c2b4530,10.692816930162676,10.312196430809532,11.111364906030168,1.4386623629005153,1.247825825613294,1.6358764750574286,1.0,1.0,1.0,0.0,0.0,0.0,1996875.0,1990625.0,2000000.0,0.0015625,0.0,0.0046875,0.0,0.0,0.0,0.0,0.5,0.5,0.5,64.0,64.0,64.0,64.0,64.0,64.0,104.18569763739924,103.97819258659695,104.42962805107754,0.0,0.0,0.0,0.0,0.0,0.0,0.0,0.0,0.0,0.0,0.0,0.0,0.0,0.0,0.0,0.0,0.0,0.0,0.0,0.0,0.0,0.0,0.0,0.0,103.39707405000809,103.30312917670199,103.49670156060711,209.95973260905885,208.6427306587575,211.67937491771318,210.60198597773706,209.06583432548524,212.59672251566062,210.72644050000235,209.1909060344733,212.77217852137255,5.464101151301293,5.437953370046671,5.504684880879722,6.388020089143538,6.183981882552871,6.60950741182387,6.660797958320472,6.421334465542168,6.9007209027533465,6.730135999532649,6.452933612763445,6.987713379894558,109.67606945050647,109.5210086217503,109.83486604309292,215.59486961516086,214.28546897465458,217.3607620210014,216.2515447479309,214.71971926642036,218.30138149402046,216.38133529995685,214.85902454958705,218.45276504047433
32,4,0.12,0.98,posterior_triggered,3,2.0315661849290625,10,32,20261031,10000,903fc0a2bbb79f083251d0b905a6dcd1f43dd4986e3a2b4dab40214233f35e2b,60f9fc84b04fbe22a02a54353f370581e106cb80cf20a4762c482d873c2b4530,7.503721963963676,7.14164985313874,7.953402161667695,1.0998975578097878,1.0066717078949623,1.199981558608639,1.0,1.0,1.0,0.0,0.0,0.0,2000000.0,2000000.0,2000000.0,0.0,0.0,0.0,0.0,0.0,0.0,0.0,0.259375,0.25,0.26875,9.05,8.75,9.35,33.95,32.75,35.15,18.56098012840448,18.143140393518138,19.030589699006555,0.75,0.75,0.75,0.9875000000000002,0.9750000000000002,1.0,0.009375,0.0,0.01875,0.75,0.75,0.75,253.70494194903586,252.7321523372484,254.7342254200703,327.5680367593668,326.2133633010899,328.97926496934815,349.2441059714111,329.4319168069087,376.02879028246764,358.37504620067193,330.2133779189171,398.17403723311145,5.856783400304266,5.848875763913384,5.865401612536516,54.85184517558082,54.697027039969726,55.04235790846633,56.30645473093318,55.499850646083544,57.10068618672958,56.90277999965474,55.797078564610274,57.995988057064096,5.632728250566288,5.6113532408562605,5.654928737603768,5.831037224306783,5.751073871235349,5.944113839478632,6.434830583013538,5.895380864407343,7.146582526281238,6.6748420998919755,5.935129776244139,7.684769438474177,266.83879574920866,265.7524288570403,268.0313731251954,388.08253540035366,386.7157101704115,389.38076264852225,406.4405076451876,390.10480362135183,430.84757855830037,414.2127999002696,390.7510227383864,451.09423449659516
32,4,0.12,0.98,periodic_risk,3,2.0315661849290625,10,32,20261031,10000,903fc0a2bbb79f083251d0b905a6dcd1f43dd4986e3a2b4dab40214233f35e2b,60f9fc84b04fbe22a02a54353f370581e106cb80cf20a4762c482d873c2b4530,7.990123119556808,7.642632908323674,8.313422730331117,1.0546236680382588,0.970228200455457,1.1343404556562233,1.0,1.0,1.0,0.0,0.0,0.0,2000000.0,2000000.0,2000000.0,0.0,0.0,0.0,0.0,0.0,0.0,0.0,0.5,0.5,0.5,16.0,16.0,16.0,64.0,64.0,64.0,28.627851378155356,28.59781746893418,28.66159406887334,0.0,0.0,0.0,0.0,0.0,0.0,0.0,0.0,0.0,0.0,0.0,0.0,0.0,0.0,0.0,0.0,0.0,0.0,0.0,0.0,0.0,0.0,0.0,0.0,28.28328164978302,28.234587638853554,28.328496499498215,57.84876559981058,57.75464638983976,57.954635498341304,58.07618525761791,57.987487544320174,58.164437266021196,58.14544489985565,58.045890592929936,58.24945933867639,5.418047649800428,5.400488899613265,5.434904346438998,5.54166788529983,5.521113329104992,5.564993480567864,5.646222646566457,5.583625998530079,5.714833564542095,5.683733700425364,5.602749459940242,5.778173799626529,33.97509570058901,33.909443009106326,34.04572453338915,63.48109666381788,63.369811055466926,63.600831305261636,63.73781508095999,63.621600268738256,63.86386988736922,63.80699930086848,63.68621310346498,63.93937553799333
32,4,0.12,0.98,always_risk,3,2.0315661849290625,10,32,20261031,10000,903fc0a2bbb79f083251d0b905a6dcd1f43dd4986e3a2b4dab40214233f35e2b,60f9fc84b04fbe22a02a54353f370581e106cb80cf20a4762c482d873c2b4530,8.858422051675014,8.362365365425338,9.350608132146847,1.1048748415588476,0.9807792773160581,1.2108962733178399,1.0,1.0,1.0,0.0,0.0,0.0,2000000.0,2000000.0,2000000.0,0.0,0.0,0.0,0.0,0.0,0.0,0.0,1.0,1.0,1.0,32.0,32.0,32.0,128.0,128.0,128.0,57.17647914702866,57.12858229383414,57.22001693214736,0.0,0.0,0.0,0.0,0.0,0.0,0.0,0.0,0.0,0.0,0.0,0.0,0.0,0.0,0.0,0.0,0.0,0.0,0.0,0.0,0.0,0.0,0.0,0.0,57.11023339936219,57.07133199830423,57.153215158496096,57.785826690887916,57.6736078155036,57.911638927746935,58.21294422769279,57.92252561924797,58.5114575490672,58.35951569897588,57.98572172321656,58.76344707845419,5.362773000160814,5.347677491736249,5.378944037256588,5.4611092902268865,5.441106381246755,5.484542957974554,5.541551287889888,5.496009227245304,5.59508122438765,5.573168901173631,5.509266861281503,5.647818501020083,62.68783730047289,62.63543475033657,62.749685481940105,63.392523025795526,63.25073897834227,63.54606123908252,63.83975704207114,63.521423456095,64.17551996475395,63.992499901360134,63.57410780248756,64.4364138446872
32,4,0.12,0.98,periodic_nominal,3,2.0315661849290625,10,32,20261031,10000,903fc0a2bbb79f083251d0b905a6dcd1f43dd4986e3a2b4dab40214233f35e2b,60f9fc84b04fbe22a02a54353f370581e106cb80cf20a4762c482d873c2b4530,10.40967282576039,9.977375571705315,10.867448757380656,1.24011839943341,1.1486007811372407,1.3300408546323346,1.0,1.0,1.0,0.0,0.0,0.0,2000000.0,2000000.0,2000000.0,0.0,0.0,0.0,0.0,0.0,0.0,0.0,0.5,0.5,0.5,64.0,64.0,64.0,64.0,64.0,64.0,104.19810475311806,104.08488037892766,104.30181528164496,0.0,0.0,0.0,0.0,0.0,0.0,0.0,0.0,0.0,0.0,0.0,0.0,0.0,0.0,0.0,0.0,0.0,0.0,0.0,0.0,0.0,0.0,0.0,0.0,103.64996949901979,103.54065034003725,103.7562279616941,209.44024534073833,208.99711248180847,209.90868821512504,210.21035527994536,209.60969094113642,210.9082232767778,210.46532559848856,209.76537197802827,211.26768083106072,5.471723949813168,5.456135964859641,5.487284577538958,6.185612530171056,5.911665613146397,6.43779266603633,6.431158304752898,6.126018291122091,6.7137006793373075,6.5052806996391155,6.179598199378233,6.8006704017170705,109.83175864967052,109.58888512080193,110.03603367154028,215.11978619993897,214.70254992538685,215.58147776894566,215.91595815846813,215.29945317607053,216.60717827967892,216.1771047009097,215.45164513856434,216.98087053935524
32,4,0.28,0.7,posterior_triggered,3,1.695184108367556,10,32,20261031,10000,903fc0a2bbb79f083251d0b905a6dcd1f43dd4986e3a2b4dab40214233f35e2b,60f9fc84b04fbe22a02a54353f370581e106cb80cf20a4762c482d873c2b4530,5.531581325428422,5.415022957454319,5.664399900540045,0.798427019406601,0.7675317751681631,0.8322313907039925,1.0,1.0,1.0,0.0,0.0,0.0,1995312.5,1990625.0,2000000.0,0.00234375,0.0,0.0046875,0.0,0.0,0.0,0.0,0.44375,0.403125,0.478125,14.99375,13.784375,16.096875,57.59375,52.7875,61.99375,28.47410389670131,26.522310659021286,30.27435154622765,0.79375,0.778125,0.809375,0.7018333333333333,0.6545897435897436,0.7524615384615385,0.2375,0.19375,0.278125,0.79375,0.778125,0.80625,253.21010449915775,252.79426869848066,253.59104038104306,323.784466729594,319.92698187247333,327.7128874702139,329.51034494832857,325.0050308232943,335.0514201519774,331.5699948987458,326.26186101408166,338.4149051757049,13.234772349824198,5.961418942270029,23.0004506498517,58.89761313901545,58.82153260580708,58.995293048365966,59.93837883613742,59.11909150775337,61.20875172499454,60.35824819919071,59.20796117550708,62.013634780705615,5.571660049827187,5.543988661565891,5.601324909475807,5.723233965691179,5.693996247227005,5.7500079170604295,5.885690736366087,5.77598486648476,6.04408078237375,5.944461900071474,5.7964753003034275,6.166958600806538,276.1430404498242,269.4381601794612,285.27790631913376,384.3495789852386,380.5449289245662,388.2149825113129,390.08896425364946,385.37298182781433,395.6279766546215,392.14972229965497,386.70919948761366,399.0096054884634
32,4,0.28,0.7,periodic_risk,3,1.695184108367556,10,32,20261031,10000,903fc0a2bbb79f083251d0b905a6dcd1f43dd4986e3a2b4dab40214233f35e2b,60f9fc84b04fbe22a02a54353f370581e106cb80cf20a4762c482d873c2b4530,6.231037332659659,6.039428863339299,6.421799782631061,0.8687059338699162,0.8032224411376664,0.9295400008308884,0.996875,0.990625,1.0,0.003125,0.0,0.009375,1989062.5,1975000.0,2000000.0,0.00546875,0.0,0.0125,0.003125,0.0,0.009375,0.009375,0.5,0.5,0.5,16.0,16.0,16.0,64.0,64.0,64.0,28.80662916873007,28.662859305017605,28.968142927686245,0.0,0.0,0.0,0.0,0.0,0.0,0.0,0.0,0.0,0.0,0.0,0.0,0.0,0.0,0.0,0.0,0.0,0.0,0.0,0.0,0.0,0.0,0.0,0.0,28.30099069942662,28.245259770392295,28.360027250155326,58.75133454945171,57.88584863313463,59.813744869607035,60.71951916857506,58.60979441134259,63.08324719267021,61.405635999835795,58.75414077734604,64.52704554065349,5.433307249404606,5.41609753217017,5.448942823086327,5.78300346944161,5.687925549436841,5.886531170678609,6.037441203487106,5.879510570428465,6.184094287771222,6.115834499360062,5.919653595283307,6.318998674341856,34.2296056500345,34.125056162338296,34.33986331929191,64.44873885491688,63.45400077175691,65.57247339567311,66.45429677209177,64.34509039827317,68.85919663200366,67.14858390187146,64.42005175804297,70.33852356124044
32,4,0.28,0.7,always_risk,3,1.695184108367556,10,32,20261031,10000,903fc0a2bbb79f083251d0b905a6dcd1f43dd4986e3a2b4dab40214233f35e2b,60f9fc84b04fbe22a02a54353f370581e106cb80cf20a4762c482d873c2b4530,6.904791629605958,6.677754096366922,7.088510522862777,0.8995957476374139,0.8475603419529896,0.9605289241202984,1.0,1.0,1.0,0.0,0.0,0.0,1985937.5,1976562.5,1993750.0,0.00703125,0.003125,0.01171875,0.00625,0.0,0.015625,0.0125,1.0,1.0,1.0,32.0,32.0,32.0,128.0,128.0,128.0,57.526048503154925,57.287691929174116,57.811387913212684,0.0,0.0,0.0,0.0,0.0,0.0,0.0,0.0,0.0,0.0,0.0,0.0,0.0,0.0,0.0,0.0,0.0,0.0,0.0,0.0,0.0,0.0,0.0,0.0,57.17592890068772,57.12743370131648,57.21987541981434,59.39616642899637,58.309000915296565,60.632077606165694,60.477000846782175,58.79222830807703,62.60303859041869,60.90394720013137,58.98312935791182,63.63864450104302,5.370733450399712,5.35714435832233,5.386105711677374,5.519801706032013,5.453309666228051,5.609361406864991,5.670487482304452,5.496362590701028,5.928686715914227,5.724364799971227,5.511618800665019,6.061304998293053,62.75606895069359,62.718741671687894,62.79124862420758,65.09784578029212,63.96992028092973,66.37266647611887,66.15306554717245,64.45860808199741,68.3402000479975,66.56636569969123,64.61689353498514,69.2544855745291
32,4,0.28,0.7,periodic_nominal,3,1.695184108367556,10,32,20261031,10000,903fc0a2bbb79f083251d0b905a6dcd1f43dd4986e3a2b4dab40214233f35e2b,60f9fc84b04fbe22a02a54353f370581e106cb80cf20a4762c482d873c2b4530,7.475573683344663,7.215023444511942,7.720919408345884,0.9488972269297442,0.8972968978398025,1.003635733100995,1.0,1.0,1.0,0.0,0.0,0.0,1993750.0,1985937.5,2000000.0,0.003125,0.0,0.00625,0.0,0.0,0.0,0.0,0.5,0.5,0.5,64.0,64.0,64.0,64.0,64.0,64.0,104.38942528760435,104.24323924838404,104.58888620441314,0.0,0.0,0.0,0.0,0.0,0.0,0.0,0.0,0.0,0.0,0.0,0.0,0.0,0.0,0.0,0.0,0.0,0.0,0.0,0.0,0.0,0.0,0.0,0.0,103.65759704982338,103.53539905117032,103.7663078004698,210.34627825469215,209.3116962048298,211.7831085029802,211.41502547849086,209.93979486910538,213.1143187004871,211.79125890048454,210.09340917573354,213.66061857774184,5.479490399011411,5.468424559885534,5.49004131721631,6.205634799553081,5.958639211167792,6.465664825279418,6.490639593459491,6.200202809215625,6.78785695913939,6.57537180086365,6.258807838930807,6.895812941074837,109.8869643999933,109.6915457803425,110.08802173304503,215.99990189475648,214.95285648551362,217.46672498440694,217.1278375343536,215.64268281095718,218.8412084959753,217.52988320004079,215.82694825461658,219.42276729487276
32,4,0.28,0.98,posterior_triggered,3,1.6679446668690943,10,32,20261031,10000,903fc0a2bbb79f083251d0b905a6dcd1f43dd4986e3a2b4dab40214233f35e2b,60f9fc84b04fbe22a02a54353f370581e106cb80cf20a4762c482d873c2b4530,5.534770494957966,5.2133966866329144,5.924139126772669,0.8144728130756678,0.7637519627820638,0.8808374401455752,1.0,1.0,1.0,0.0,0.0,0.0,1990625.0,1981250.0,1998437.5,0.0046875,0.00078125,0.009375,0.0,0.0,0.0,0.0,0.628125,0.59375,0.665625,20.9375,19.825,22.15625,81.2375,77.19406250000002,86.440703125,38.64301950627578,36.76977405261198,40.664947310874595,0.8375,0.81875,0.85625,0.44647619047619047,0.39365028490028486,0.4948994708994709,0.465625,0.415625,0.521875,0.8375,0.81875,0.85625,252.82724974858866,252.05112256809116,253.63373950895948,319.61554144472757,317.25920670987034,322.7343639780984,334.9248677489304,322.65166745353673,350.1123346125643,340.5261600986705,323.44776977721267,361.3020581280216,56.082684449938824,55.11922693772249,57.17563741380218,59.415662583560334,59.174061593551414,59.69860800007609,62.85357569304324,60.291693931701595,67.14492277179818,64.31212160241557,60.72091840384019,70.34617564551809,5.494082549557788,5.4728615440672,5.518638982803168,5.688883115471981,5.670304712713914,5.707347151066642,5.7699704179758555,5.714530491702499,5.833360388408437,5.8032783985254355,5.7293218186168815,5.890945179762639,313.25644645039574,311.9956959479441,314.4804981234938,380.31575118973706,377.8577014809971,383.84680356090576,393.1902336247731,383.26452663917007,404.8066194944857,397.5582769999164,384.7703956550504,412.7983849791599
32,4,0.28,0.98,periodic_risk,3,1.6679446668690943,10,32,20261031,10000,903fc0a2bbb79f083251d0b905a6dcd1f43dd4986e3a2b4dab40214233f35e2b,60f9fc84b04fbe22a02a54353f370581e106cb80cf20a4762c482d873c2b4530,6.256291541937707,6.038068328285975,6.506444895588372,0.7871167293463899,0.7092821821478091,0.8751384202049461,1.0,1.0,1.0,0.0,0.0,0.0,1989062.5,1978125.0,1996875.0,0.00546875,0.0,0.0109375,0.00625,0.0,0.01875,0.01875,0.5,0.5,0.5,16.0,16.0,16.0,64.0,64.0,64.0,28.585132625130427,28.55620582138272,28.618891721038153,0.0,0.0,0.0,0.0,0.0,0.0,0.0,0.0,0.0,0.0,0.0,0.0,0.0,0.0,0.0,0.0,0.0,0.0,0.0,0.0,0.0,0.0,0.0,0.0,28.287486499903025,28.22614734565832,28.34770344888966,57.65708496539446,57.56282077535707,57.7495513375934,58.11465267031599,57.88428137246028,58.38954835186105,58.27535450007417,57.9540631859345,58.690621530240605,5.4119148502650205,5.400486658936643,5.423340871784603,5.563593064434826,5.510743189232926,5.6289867609557405,5.648449007036106,5.5523355379893475,5.764650881604576,5.664703299407847,5.568056119445828,5.779264537104609,33.97710679964803,33.89507472817968,34.058669320484114,63.248526839925034,63.15097384699584,63.33774072557662,63.73598947274877,63.52817709713563,64.01117910732519,63.90245689981384,63.59329300103127,64.30992937670453
32,4,0.28,0.98,always_risk,3,1.6679446668690943,10,32,20261031,10000,903fc0a2bbb79f083251d0b905a6dcd1f43dd4986e3a2b4dab40214233f35e2b,60f9fc84b04fbe22a02a54353f370581e106cb80cf20a4762c482d873c2b4530,7.242736033895051,6.910997930460306,7.5843271818134035,0.8269555631141385,0.7430294624118797,0.9098388379049926,1.0,1.0,1.0,0.0,0.0,0.0,1989062.5,1976562.5,1998437.5,0.00546875,0.00078125,0.01171875,0.0,0.0,0.0,0.0,1.0,1.0,1.0,32.0,32.0,32.0,128.0,128.0,128.0,57.096733662547194,57.06104083756145,57.131140431177414,0.0,0.0,0.0,0.0,0.0,0.0,0.0,0.0,0.0,0.0,0.0,0.0,0.0,0.0,0.0,0.0,0.0,0.0,0.0,0.0,0.0,0.0,0.0,0.0,57.05054909994942,57.01709265179488,57.08190153025498,57.628590810491005,57.57663241500268,57.663554553911126,57.9277472779504,57.778094322724066,58.13883492547338,58.011858399549965,57.824437879462494,58.28825312264598,5.344483198859962,5.337878110731253,5.352276987669029,5.4505419901397545,5.420130044383768,5.49284994197933,5.493584472642397,5.453094991287799,5.542240648468033,5.506396400596714,5.461268418075633,5.558574256083375,62.605922350121546,62.56714915689372,62.639861562438455,63.209410599883995,63.165453935253026,63.24090181486372,63.52192122754059,63.36072114381477,63.744580148981186,63.60753030021442,63.406277216818125,63.89323682309623
32,4,0.28,0.98,periodic_nominal,3,1.6679446668690943,10,32,20261031,10000,903fc0a2bbb79f083251d0b905a6dcd1f43dd4986e3a2b4dab40214233f35e2b,60f9fc84b04fbe22a02a54353f370581e106cb80cf20a4762c482d873c2b4530,7.4529375817319705,6.85840367201354,8.036944619018536,0.7755677902430349,0.6938591683725477,0.864399099338094,1.0,1.0,1.0,0.0,0.0,0.0,1978125.0,1959375.0,1993750.0,0.0109375,0.003125,0.01953125,0.021875,0.0,0.053125,0.046875,0.5,0.5,0.5,64.0,64.0,64.0,64.0,64.0,64.0,104.22088461555177,104.10718834063857,104.34559736282324,0.0,0.0,0.0,0.0,0.0,0.0,0.0,0.0,0.0,0.0,0.0,0.0,0.0,0.0,0.0,0.0,0.0,0.0,0.0,0.0,0.0,0.0,0.0,0.0,103.70968110037211,103.64204966913348,103.78468504835837,209.30383615512255,208.90363942220574,209.80505200668358,210.0387082531015,209.3921579085154,210.79044965207868,210.30281700004707,209.57453869850724,211.16698279776756,5.457360250511556,5.444031721799547,5.474074266967364,6.23002163531055,5.977917812656415,6.468763581203348,6.546183183490939,6.263701484261401,6.815198108831828,6.636915099079488,6.338224586161232,6.928309991908463,109.94508859948837,109.74752338635881,110.12717356757094,214.9375626704932,214.52434052125955,215.45035709858712,215.69717922579002,215.0497848990377,216.47827776852372,215.96750089956913,215.2303161965574,216.80860015949293
